asset_age_years,criticality_score,open_defect_count,highest_defect_severity,active_task_count,highest_task_severity,days_overdue,total_task_duration,risk_label
2,40,0,0,1,25,39,1.92,1
23,50,1,5,0,0,0,0.0,1
20,25,1,25,1,35,0,5.24,1
13,25,0,0,3,35,0,6.06,1
13,50,0,0,1,15,21,7.41,1
26,40,0,0,0,0,0,0.0,0
2,40,1,25,0,0,0,0.0,0
21,40,1,25,0,0,0,0.0,1
6,25,1,25,1,35,0,4.72,1
2,40,0,0,0,0,0,0.0,0
16,10,0,0,2,35,0,2.57,0
30,25,0,0,1,35,0,1.03,1
22,40,0,0,1,25,0,2.5,1
23,40,1,15,1,5,0,5.14,1
22,50,0,0,1,35,39,7.81,1
24,25,0,0,1,25,18,1.09,1
15,10,3,25,0,0,38,0.0,1
3,50,2,5,2,25,0,3.41,1
26,25,1,35,0,0,23,0.0,1
13,25,0,0,0,0,30,0.0,0
15,25,1,5,2,5,0,5.5,0
11,40,1,25,1,15,11,4.81,1
5,50,2,5,0,0,0,0.0,0
28,40,0,0,1,25,58,5.39,1
24,40,0,0,2,15,0,3.97,1
19,25,0,0,2,25,45,2.5,1
12,25,2,35,1,35,0,4.12,1
25,40,0,0,0,0,0,0.0,0
16,10,1,15,1,25,7,3.36,0
13,25,1,35,0,0,29,0.0,1
13,25,0,0,1,5,0,5.82,0
7,10,1,5,3,15,0,1.79,0
2,40,1,35,1,25,28,4.22,1
17,40,2,25,0,0,0,0.0,1
27,10,0,0,2,35,54,7.69,1
1,40,2,15,0,0,0,0.0,0
26,40,0,0,1,25,0,4.49,1
25,40,1,15,2,35,0,2.28,1
8,50,2,25,1,35,46,7.52,1
19,25,1,35,0,0,53,0.0,1
5,50,0,0,3,15,29,2.33,1
23,25,1,35,1,25,10,6.13,1
21,25,0,0,0,0,0,0.0,0
10,25,1,15,0,0,0,0.0,0
2,40,1,25,1,25,44,1.32,1
30,25,1,15,1,25,14,6.89,1
13,25,3,15,3,25,0,1.85,1
27,40,2,25,2,25,0,3.46,1
21,25,3,25,0,0,0,0.0,1
24,25,1,15,0,0,39,0.0,1
23,10,0,0,1,25,25,7.74,0
6,25,0,0,1,25,21,4.85,0
11,25,1,35,0,0,0,0.0,0
14,25,0,0,0,0,0,0.0,0
15,25,0,0,3,25,8,2.48,1
1,40,0,0,0,0,49,0.0,1
16,50,3,35,0,0,0,0.0,1
4,40,1,35,1,15,42,0.5,1
23,40,1,5,2,25,0,0.55,1
21,50,0,0,0,0,21,0.0,1
28,50,2,35,0,0,45,0.0,1
23,40,1,25,1,35,60,2.56,1
11,50,0,0,0,0,0,0.0,0
29,50,0,0,1,25,44,4.45,1
12,40,0,0,0,0,57,0.0,1
10,40,1,25,1,5,0,4.14,1
28,10,1,5,0,0,29,0.0,0
11,10,3,35,1,15,23,7.41,1
2,40,2,25,0,0,51,0.0,1
14,40,0,0,0,0,0,0.0,0
24,25,0,0,0,0,40,0.0,1
5,40,0,0,1,35,0,6.23,1
14,40,0,0,2,35,0,7.44,1
4,50,0,0,0,0,0,0.0,0
21,10,0,0,0,0,37,0.0,0
14,25,1,35,0,0,0,0.0,1
10,40,0,0,0,0,0,0.0,0
7,50,1,25,1,5,0,4.34,1
17,50,0,0,1,25,39,3.85,1
20,50,0,0,1,25,0,4.75,1
29,50,0,0,0,0,0,0.0,1
13,25,1,35,1,25,0,3.29,1
4,25,0,0,2,15,60,2.08,1
25,25,2,25,0,0,0,0.0,1
19,40,0,0,0,0,0,0.0,0
21,50,1,35,1,25,0,6.77,1
3,25,1,15,4,35,0,5.6,1
9,40,0,0,0,0,0,0.0,0
23,25,0,0,0,0,42,0.0,1
25,25,2,15,1,25,49,2.94,1
13,25,1,35,0,0,3,0.0,1
24,10,2,25,1,25,0,3.85,1
26,50,0,0,0,0,44,0.0,1
12,25,1,25,1,5,0,2.19,0
27,50,1,35,1,5,0,4.72,1
8,40,1,25,1,35,0,3.19,1
7,25,0,0,1,35,0,7.07,1
21,25,0,0,1,5,0,4.46,0
19,50,0,0,2,35,20,3.59,1
4,25,0,0,0,0,0,0.0,0
25,50,1,35,0,0,0,0.0,1
6,10,0,0,2,15,0,6.12,0
24,40,0,0,1,25,8,7.29,1
0,50,0,0,1,25,17,6.63,1
24,25,2,25,1,25,0,4.21,1
24,25,3,35,1,25,0,3.17,1
24,50,0,0,0,0,0,0.0,0
20,25,1,15,0,0,0,0.0,1
14,25,1,25,2,25,0,5.47,1
21,25,0,0,0,0,0,0.0,0
8,25,2,35,1,15,0,6.63,1
24,40,1,15,3,35,0,7.84,1
17,40,1,25,0,0,50,0.0,1
14,25,2,25,1,15,50,3.93,1
15,50,0,0,0,0,0,0.0,0
17,25,0,0,1,5,19,5.51,0
1,10,0,0,0,0,0,0.0,0
4,40,0,0,0,0,12,0.0,0
7,50,0,0,2,35,0,2.7,1
3,10,0,0,2,25,26,1.16,0
13,25,0,0,1,25,0,2.4,0
20,40,0,0,1,15,0,0.61,1
20,50,1,25,1,5,20,4.32,1
14,10,2,25,0,0,0,0.0,0
26,25,0,0,1,15,0,3.3,0
17,40,0,0,1,25,0,5.59,1
2,25,1,15,0,0,0,0.0,0
23,25,0,0,0,0,0,0.0,0
17,25,0,0,2,25,0,5.11,1
19,25,1,35,3,25,0,1.76,1
17,40,1,15,1,35,0,5.55,1
17,50,0,0,0,0,0,0.0,0
2,40,1,25,0,0,28,0.0,1
17,40,1,25,0,0,0,0.0,1
24,50,0,0,1,35,0,1.91,1
9,25,1,5,1,25,0,0.54,1
18,25,0,0,1,35,48,7.78,1
0,50,3,5,1,35,0,0.7,1
10,25,0,0,4,35,0,3.06,1
13,40,1,35,2,35,20,5.28,1
30,40,0,0,1,15,0,3.28,1
6,10,1,25,1,15,0,3.36,0
8,40,0,0,0,0,11,0.0,0
12,25,0,0,0,0,0,0.0,0
30,25,0,0,0,0,7,0.0,0
26,40,2,5,2,35,0,5.92,1
1,25,0,0,1,25,42,5.02,1
7,40,1,35,3,35,0,4.39,1
25,50,1,25,0,0,12,0.0,1
1,50,1,5,1,35,0,7.15,1
26,25,1,25,1,15,0,1.31,1
8,25,2,25,0,0,14,0.0,1
28,25,2,15,1,25,0,4.02,1
9,10,0,0,2,35,0,2.29,0
13,50,1,35,0,0,0,0.0,1
20,25,0,0,0,0,0,0.0,0
3,25,2,15,1,5,0,0.78,0
17,50,0,0,1,35,0,7.84,1
15,25,0,0,0,0,0,0.0,0
24,10,0,0,0,0,49,0.0,0
30,25,0,0,0,0,6,0.0,0
20,40,0,0,0,0,40,0.0,1
12,40,0,0,1,35,1,6.01,1
12,25,0,0,1,15,0,2.12,0
12,50,1,15,2,15,57,3.52,1
25,50,4,15,1,25,0,2.2,1
9,50,0,0,1,35,43,5.64,1
5,25,1,35,2,25,50,3.13,1
10,10,1,35,0,0,0,0.0,0
0,50,0,0,2,5,40,7.4,1
3,25,0,0,0,0,0,0.0,0
2,40,1,35,0,0,0,0.0,1
23,40,0,0,0,0,0,0.0,0
22,10,0,0,1,15,0,2.06,0
21,40,1,15,2,25,0,3.12,1
14,50,1,35,2,25,25,7.49,1
22,40,0,0,0,0,0,0.0,0
4,25,0,0,2,15,60,7.14,1
27,50,1,25,3,35,48,2.7,1
15,40,1,25,1,5,0,4.12,1
29,40,1,5,0,0,0,0.0,1
4,50,1,35,1,35,0,7.13,1
15,40,1,15,0,0,0,0.0,0
21,25,1,25,2,35,0,5.53,1
15,10,0,0,0,0,0,0.0,0
13,25,0,0,1,25,6,5.28,1
5,40,1,25,0,0,35,0.0,1
11,40,1,5,0,0,0,0.0,0
7,40,0,0,0,0,0,0.0,0
9,25,2,35,0,0,33,0.0,1
21,40,0,0,1,25,18,5.45,1
19,50,0,0,0,0,28,0.0,1
18,25,0,0,3,15,0,7.41,1
11,40,2,35,0,0,59,0.0,1
29,40,0,0,3,25,6,4.38,1
2,40,2,25,1,25,56,1.86,1
10,25,1,25,1,15,43,4.05,1
3,40,0,0,0,0,0,0.0,0
10,50,0,0,0,0,0,0.0,0
29,40,0,0,0,0,7,0.0,0
11,50,1,25,0,0,0,0.0,1
28,50,0,0,0,0,0,0.0,1
15,25,0,0,1,25,0,5.97,0
21,40,0,0,0,0,19,0.0,0
14,40,0,0,0,0,51,0.0,1
8,50,0,0,1,5,0,4.19,0
23,10,1,35,4,15,0,2.85,1
30,25,1,15,0,0,43,0.0,1
8,50,2,25,1,25,0,5.5,1
24,25,0,0,1,25,5,3.88,1
8,40,1,25,0,0,9,0.0,0
22,25,1,25,0,0,56,0.0,1
24,50,0,0,2,15,0,7.72,1
13,50,1,25,1,5,10,3.14,1
22,25,0,0,1,15,38,5.88,1
8,40,2,15,0,0,60,0.0,1
2,25,0,0,1,25,10,4.66,0
2,40,0,0,3,25,3,1.08,0
13,40,0,0,0,0,0,0.0,0
27,50,1,35,1,15,0,4.02,1
3,10,0,0,1,25,0,0.72,0
14,25,1,5,1,35,0,6.42,1
21,40,1,5,2,25,0,6.01,1
6,40,0,0,0,0,50,0.0,1
22,40,1,25,0,0,57,0.0,1
9,10,0,0,0,0,0,0.0,0
25,25,0,0,0,0,0,0.0,0
17,50,1,25,1,25,0,0.88,1
16,10,0,0,1,25,31,4.25,1
5,25,2,15,0,0,14,0.0,0
14,50,1,25,0,0,4,0.0,1
26,10,1,35,2,35,0,7.71,1
0,40,0,0,0,0,0,0.0,0
23,25,0,0,4,35,55,2.63,1
15,50,0,0,5,5,48,7.28,1
22,40,1,5,2,15,54,1.63,1
20,50,0,0,1,15,48,0.55,1
13,25,2,35,0,0,0,0.0,1
9,40,1,25,0,0,26,0.0,1
19,40,0,0,3,35,0,4.48,1
4,25,2,25,1,5,0,2.29,1
18,25,1,15,2,35,0,7.09,1
2,10,1,35,2,5,0,5.55,1
20,50,0,0,1,25,0,5.65,1
19,40,1,35,1,15,0,5.55,1
2,40,1,15,0,0,29,0.0,1
23,40,2,15,0,0,23,0.0,1
12,40,1,15,1,25,44,5.59,1
24,40,0,0,1,25,0,6.1,1
1,25,0,0,1,35,0,5.52,0
5,40,0,0,1,25,7,6.76,1
15,25,1,5,4,25,0,4.69,1
5,50,0,0,1,35,0,3.13,1
10,50,0,0,1,35,0,4.0,1
20,25,1,35,1,35,3,3.8,1
4,40,0,0,0,0,58,0.0,1
21,10,2,25,0,0,0,0.0,1
3,50,0,0,1,35,20,2.99,1
5,50,1,25,1,25,0,3.62,1
18,50,0,0,1,35,3,3.39,1
24,25,2,35,1,25,41,1.33,1
5,25,1,35,0,0,24,0.0,0
9,25,2,35,0,0,0,0.0,1
28,10,2,25,0,0,14,0.0,1
30,10,2,25,1,35,0,6.73,1
18,10,1,15,2,35,27,6.17,1
13,50,1,25,1,15,0,3.03,1
10,10,0,0,0,0,28,0.0,0
18,10,1,25,0,0,37,0.0,1
18,50,0,0,0,0,0,0.0,0
9,40,1,15,0,0,0,0.0,0
0,40,0,0,3,5,0,7.59,0
4,40,1,25,1,35,0,7.62,1
29,50,0,0,0,0,56,0.0,1
12,40,0,0,1,25,0,6.93,1
14,40,0,0,0,0,53,0.0,1
14,40,0,0,2,25,0,0.72,1
24,25,0,0,0,0,0,0.0,0
2,25,1,25,0,0,0,0.0,0
2,40,0,0,1,35,0,3.28,1
8,25,0,0,0,0,0,0.0,0
15,40,2,25,0,0,0,0.0,1
20,25,1,15,2,25,50,3.93,1
15,25,3,25,1,25,0,5.89,1
13,25,0,0,1,25,0,5.26,0
29,50,0,0,0,0,30,0.0,1
4,25,0,0,0,0,0,0.0,0
17,40,0,0,3,5,34,5.59,1
16,50,1,25,0,0,0,0.0,1
14,10,1,35,1,25,0,6.25,1
25,40,0,0,0,0,8,0.0,0
8,25,2,35,1,35,35,7.61,1
29,25,1,15,2,5,0,4.64,1
10,40,0,0,1,35,41,7.28,1
16,50,1,5,2,35,0,6.61,1
16,25,1,25,0,0,54,0.0,1
26,40,2,15,2,15,3,3.03,1
13,25,0,0,2,35,52,6.6,1
8,40,0,0,2,35,0,1.38,1
0,40,2,25,0,0,0,0.0,1
11,40,0,0,2,25,0,1.69,1
25,40,0,0,1,15,0,7.94,1
0,10,1,35,1,15,0,3.72,0
27,40,1,15,0,0,32,0.0,1
16,40,0,0,1,25,6,3.95,1
4,40,1,25,1,15,0,7.63,1
9,10,1,35,1,25,60,3.21,1
17,25,3,25,1,35,0,2.28,1
9,25,1,5,3,35,0,1.08,1
3,10,0,0,1,35,0,4.42,0
20,25,0,0,1,35,0,2.0,1
20,25,1,15,2,5,0,0.99,1
3,40,0,0,0,0,0,0.0,0
8,25,1,35,0,0,0,0.0,0
7,50,1,15,2,15,28,6.6,1
20,40,0,0,1,25,0,2.96,1
22,40,1,25,0,0,25,0.0,1
22,40,2,35,2,25,0,4.85,1
29,40,0,0,3,15,0,1.28,1
23,40,0,0,0,0,0,0.0,0
9,50,0,0,0,0,12,0.0,0
3,40,0,0,1,35,0,4.29,1
19,40,1,15,0,0,5,0.0,1
28,40,1,35,0,0,0,0.0,1
30,40,1,15,0,0,5,0.0,1
7,10,0,0,1,5,0,5.24,0
7,40,1,15,0,0,0,0.0,0
1,40,1,25,0,0,0,0.0,0
4,50,1,35,2,25,17,3.87,1
17,40,1,15,1,25,18,3.03,1
16,40,0,0,1,25,28,2.83,1
11,50,0,0,2,25,37,1.32,1
9,40,0,0,0,0,0,0.0,0
25,25,0,0,0,0,0,0.0,0
14,25,2,15,1,5,60,1.37,1
25,10,0,0,1,35,0,4.22,1
29,10,0,0,1,35,48,1.54,1
9,25,1,35,0,0,30,0.0,1
6,40,0,0,1,25,0,2.18,1
29,40,1,15,0,0,55,0.0,1
19,10,1,35,0,0,0,0.0,1
9,40,1,25,1,5,0,1.74,1
19,25,0,0,3,25,0,6.52,1
15,50,1,25,1,25,0,3.87,1
28,25,1,35,2,15,0,4.64,1
7,40,0,0,0,0,0,0.0,0
30,25,1,35,2,15,0,4.87,1
29,40,1,15,1,15,34,3.47,1
5,25,1,35,2,25,0,2.74,1
5,40,0,0,2,15,0,3.37,0
16,25,1,35,0,0,0,0.0,1
1,50,0,0,0,0,26,0.0,0
9,40,2,35,1,35,14,4.51,1
13,40,3,25,0,0,0,0.0,1
30,50,0,0,1,25,26,3.19,1
30,50,0,0,2,25,0,1.52,1
4,25,2,25,1,15,0,7.35,1
27,25,0,0,2,35,3,5.99,1
2,25,0,0,1,5,10,1.0,0
23,25,1,25,1,15,0,7.29,1
26,40,0,0,1,25,0,1.78,1
27,50,2,5,0,0,0,0.0,1
6,50,0,0,2,35,0,1.23,1
27,40,2,25,1,35,0,1.8,1
3,40,0,0,1,25,0,7.5,1
16,50,1,25,2,25,57,2.16,1
14,50,0,0,1,15,0,6.4,1
9,25,0,0,0,0,0,0.0,0
0,40,1,25,0,0,12,0.0,0
23,50,0,0,0,0,0,0.0,0
10,25,0,0,3,25,35,5.32,1
20,25,0,0,0,0,0,0.0,0
12,50,2,25,0,0,0,0.0,1
11,50,0,0,0,0,7,0.0,0
27,50,0,0,0,0,0,0.0,0
2,40,1,25,0,0,0,0.0,0
22,25,1,25,1,25,0,4.39,1
23,25,0,0,0,0,0,0.0,0
11,40,0,0,0,0,37,0.0,1
8,40,2,25,0,0,59,0.0,1
0,40,0,0,0,0,28,0.0,0
29,40,1,35,0,0,8,0.0,1
29,25,2,35,0,0,2,0.0,1
7,40,1,5,2,25,0,3.24,1
0,25,1,5,3,5,46,1.2,1
3,25,1,25,1,35,0,5.83,1
2,10,0,0,0,0,7,0.0,0
25,25,0,0,0,0,20,0.0,0
27,50,0,0,0,0,0,0.0,1
4,25,1,25,1,5,0,3.46,1
23,25,0,0,2,15,0,4.51,1
5,40,2,35,0,0,51,0.0,1
11,40,0,0,1,35,0,0.89,1
18,10,2,15,3,35,33,6.32,1
22,25,1,5,2,25,0,5.69,1
27,25,0,0,0,0,0,0.0,0
1,40,1,25,0,0,53,0.0,1
6,25,1,35,2,25,0,4.47,1
8,10,0,0,2,5,0,4.22,0
9,10,0,0,0,0,53,0.0,0
30,40,0,0,3,35,40,3.03,1
24,10,0,0,3,15,0,3.07,1
9,50,1,35,2,35,0,1.01,1
30,25,1,35,1,15,57,5.65,1
15,40,0,0,1,25,3,0.84,1
15,25,1,25,1,25,0,0.51,1
13,25,1,35,0,0,15,0.0,1
4,10,2,5,1,15,0,0.73,0
28,50,1,25,0,0,0,0.0,1
0,50,0,0,2,25,17,2.03,1
5,10,3,35,0,0,55,0.0,1
7,25,0,0,1,35,0,4.78,0
8,50,1,25,1,15,38,5.61,1
4,40,0,0,0,0,16,0.0,0
0,25,0,0,1,35,13,3.66,0
21,25,0,0,1,15,0,3.56,0
30,40,1,35,0,0,0,0.0,1
3,40,0,0,0,0,0,0.0,0
9,40,0,0,1,25,49,4.83,1
15,50,1,15,0,0,0,0.0,1
28,40,0,0,0,0,0,0.0,0
21,25,1,15,1,25,52,4.98,1
23,40,2,25,2,25,0,6.84,1
18,25,0,0,1,25,0,6.64,1
12,25,0,0,2,35,1,6.68,1
6,10,0,0,1,25,0,6.83,0
26,25,0,0,2,25,0,7.1,1
24,40,0,0,0,0,0,0.0,0
0,10,0,0,2,25,22,4.66,0
22,25,1,35,2,25,0,4.96,1
2,40,0,0,1,5,0,5.95,0
22,40,1,25,0,0,0,0.0,1
25,40,0,0,0,0,33,0.0,1
4,50,0,0,0,0,15,0.0,0
13,40,0,0,1,15,0,1.99,0
3,10,0,0,1,25,0,3.2,0
17,40,2,35,0,0,44,0.0,1
28,40,0,0,0,0,0,0.0,0
2,25,1,15,2,35,46,7.34,1
12,10,0,0,2,5,0,4.42,0
30,25,0,0,1,25,0,0.89,1
9,40,0,0,0,0,51,0.0,1
4,25,1,35,2,15,0,3.54,1
15,25,0,0,1,25,0,1.71,0
15,50,0,0,1,35,0,3.17,1
20,50,0,0,0,0,0,0.0,0
9,25,1,25,0,0,0,0.0,0
29,50,1,15,0,0,0,0.0,1
16,10,0,0,1,35,48,4.59,1
8,50,1,35,0,0,0,0.0,1
29,50,0,0,1,35,51,4.29,1
28,10,0,0,2,35,22,4.18,1
15,40,3,35,0,0,18,0.0,1
0,50,0,0,1,5,0,0.64,0
18,50,0,0,1,25,19,3.84,1
17,50,0,0,1,15,52,0.72,1
4,40,1,25,1,35,39,3.54,1
19,10,0,0,2,35,20,5.35,1
26,50,1,15,0,0,0,0.0,1
3,40,0,0,0,0,44,0.0,0
22,40,0,0,1,15,15,1.44,1
4,25,2,15,2,15,0,7.38,1
23,40,4,35,1,25,16,5.23,1
12,25,1,25,1,35,0,2.13,1
0,40,1,35,0,0,0,0.0,1
29,10,2,25,2,15,0,3.46,1
5,40,1,35,1,25,1,1.23,1
18,50,0,0,4,25,0,0.67,1
5,40,0,0,1,25,0,7.37,0
28,40,1,15,1,25,0,5.56,1
22,25,0,0,0,0,58,0.0,1
24,50,1,25,0,0,0,0.0,1
13,40,0,0,0,0,0,0.0,0
14,25,2,25,0,0,0,0.0,1
19,25,2,15,0,0,0,0.0,1
24,25,0,0,2,15,0,6.35,1
26,40,0,0,1,35,0,5.17,1
0,50,1,15,1,5,15,7.3,1
20,40,1,25,1,35,46,7.22,1
3,25,0,0,0,0,0,0.0,0
8,50,2,35,2,15,8,0.94,1
25,25,0,0,0,0,0,0.0,0
7,50,0,0,1,25,0,1.92,1
24,25,0,0,0,0,0,0.0,0
14,40,0,0,0,0,3,0.0,0
7,50,0,0,0,0,0,0.0,0
10,25,1,25,0,0,0,0.0,1
16,40,0,0,0,0,0,0.0,0
23,50,0,0,0,0,0,0.0,0
18,25,1,5,1,25,41,3.47,1
28,10,0,0,2,25,0,3.06,1
26,40,0,0,2,15,6,4.44,1
23,25,2,35,0,0,0,0.0,1
18,10,0,0,1,25,9,2.5,0
8,40,0,0,4,5,20,6.48,1
12,40,2,15,2,25,36,0.56,1
3,25,0,0,1,35,2,6.44,1
11,25,2,15,0,0,0,0.0,1
28,50,0,0,0,0,0,0.0,1
13,40,0,0,1,25,8,3.45,1
3,50,2,35,0,0,21,0.0,1
20,25,1,35,0,0,0,0.0,1
29,50,0,0,3,25,43,0.54,1
26,40,0,0,0,0,0,0.0,0
8,10,2,35,1,25,6,6.85,1
14,50,0,0,2,25,0,3.85,1
16,40,2,35,0,0,0,0.0,1
7,10,0,0,0,0,18,0.0,0
8,25,3,25,1,35,0,5.94,1
7,40,3,15,2,25,0,7.09,1
30,10,0,0,0,0,0,0.0,0
23,25,2,25,1,35,0,0.76,1
26,10,0,0,1,35,0,2.47,1
25,25,3,35,1,25,0,1.39,1
29,25,2,35,0,0,0,0.0,1
3,40,0,0,3,25,12,1.24,0
27,25,1,25,1,25,0,7.59,1
2,10,1,25,0,0,0,0.0,0
14,40,1,15,1,35,19,6.54,1
18,25,1,25,1,15,16,3.24,1
11,40,1,35,0,0,39,0.0,1
4,10,2,5,0,0,5,0.0,0
5,10,0,0,2,15,57,5.65,1
25,25,1,25,0,0,15,0.0,1
9,40,0,0,0,0,60,0.0,1
9,25,1,35,0,0,0,0.0,1
28,50,1,25,1,15,44,7.4,1
4,25,2,25,0,0,22,0.0,1
28,40,0,0,0,0,19,0.0,0
28,40,0,0,2,35,57,2.16,1
18,10,0,0,2,35,60,0.61,1
5,40,1,25,2,15,0,6.68,1
4,25,1,5,2,25,37,5.92,1
8,25,0,0,0,0,3,0.0,0
17,10,0,0,1,35,0,1.7,0
4,40,1,15,0,0,0,0.0,0
14,50,0,0,0,0,0,0.0,0
3,10,0,0,0,0,55,0.0,0
16,40,0,0,1,35,0,4.17,1
0,40,1,5,2,15,0,1.7,0
21,25,1,15,0,0,29,0.0,1
1,40,0,0,0,0,0,0.0,0
6,40,1,15,0,0,0,0.0,0
5,50,0,0,1,25,0,5.02,1
25,50,1,25,0,0,2,0.0,1
1,10,0,0,2,25,0,5.36,0
13,25,0,0,1,25,0,2.58,0
18,40,1,5,2,15,0,6.36,1
15,10,0,0,0,0,49,0.0,0
21,25,4,35,0,0,2,0.0,1
24,50,1,15,1,15,23,4.05,1
12,10,0,0,1,35,0,5.8,0
25,40,1,25,0,0,0,0.0,1
9,50,1,35,0,0,5,0.0,1
30,25,1,15,0,0,27,0.0,1
15,40,1,25,0,0,49,0.0,1
22,50,0,0,2,25,0,5.3,1
27,40,4,35,1,15,8,3.88,1
24,10,1,25,1,25,9,2.7,1
26,10,1,15,1,15,0,2.03,1
16,50,0,0,0,0,0,0.0,0
1,25,1,35,1,25,0,6.09,1
15,40,0,0,1,25,0,5.31,1
5,10,2,25,1,15,58,2.61,1
27,25,1,25,2,5,11,7.75,1
7,50,0,0,0,0,7,0.0,0
7,40,1,5,1,35,0,6.58,1
7,50,0,0,1,35,0,1.45,1
19,25,1,5,2,5,36,1.72,1
17,40,2,35,0,0,0,0.0,1
29,50,1,25,0,0,0,0.0,1
12,25,1,15,1,25,0,4.58,1
8,25,1,25,1,5,0,1.27,0
1,50,1,35,1,35,17,7.73,1
0,25,0,0,0,0,0,0.0,0
11,40,1,5,0,0,0,0.0,0
28,50,1,5,1,35,0,5.29,1
16,25,0,0,0,0,0,0.0,0
27,25,0,0,0,0,58,0.0,1
3,10,0,0,2,25,0,1.0,0
2,25,3,25,0,0,10,0.0,1
25,25,0,0,1,25,35,3.83,1
3,40,1,25,2,25,56,2.16,1
1,25,1,25,2,15,44,4.18,1
12,40,0,0,1,25,2,2.35,1
28,25,1,35,2,15,0,6.74,1
21,25,1,5,1,25,0,5.91,1
3,25,0,0,0,0,12,0.0,0
25,40,0,0,2,25,8,7.3,1
26,40,0,0,0,0,55,0.0,1
24,25,1,25,0,0,13,0.0,1
27,50,2,25,1,15,4,1.98,1
7,40,0,0,3,25,0,3.39,1
30,25,0,0,0,0,0,0.0,0
9,50,2,25,3,35,0,6.54,1
24,25,1,25,1,25,0,3.3,1
17,10,0,0,3,25,0,3.34,0
24,40,0,0,0,0,23,0.0,0
19,10,1,35,3,35,17,7.9,1
19,25,0,0,2,5,10,6.28,0
19,40,0,0,0,0,28,0.0,0
24,10,1,25,1,25,0,6.96,1
22,50,0,0,2,25,0,3.55,1
4,50,0,0,0,0,0,0.0,0
25,40,1,35,4,15,55,4.89,1
16,40,1,15,2,35,14,3.88,1
10,40,0,0,0,0,0,0.0,0
15,50,2,25,0,0,59,0.0,1
29,25,1,25,1,25,0,3.88,1
26,25,0,0,2,25,40,1.46,1
25,40,2,25,0,0,23,0.0,1
14,40,1,15,1,15,41,6.82,1
24,25,0,0,2,35,0,3.43,1
11,40,2,35,1,35,21,4.86,1
21,10,1,35,0,0,0,0.0,0
19,50,0,0,0,0,13,0.0,0
7,25,2,35,1,5,0,6.93,1
8,10,1,35,0,0,0,0.0,0
1,10,0,0,0,0,0,0.0,0
4,25,0,0,0,0,15,0.0,0
13,25,0,0,1,25,1,6.3,0
14,10,2,15,1,15,0,1.99,1
5,25,0,0,1,35,0,5.14,0
12,25,1,25,1,25,39,4.22,1
18,25,1,25,2,15,5,2.45,1
7,25,0,0,1,25,12,0.81,0
10,25,0,0,1,35,0,5.22,1
11,25,1,35,0,0,1,0.0,0
15,10,1,15,1,25,4,6.35,1
11,10,0,0,1,5,55,7.56,1
22,25,1,15,1,35,0,3.16,1
10,40,0,0,1,15,0,3.49,0
13,50,1,25,1,25,0,1.72,1
11,50,0,0,0,0,0,0.0,0
5,40,0,0,0,0,0,0.0,0
21,40,3,5,1,25,2,7.88,1
7,25,1,35,2,15,0,6.87,1
9,40,0,0,0,0,38,0.0,1
24,40,3,15,0,0,20,0.0,1
29,50,0,0,0,0,0,0.0,1
20,50,1,25,1,15,9,7.68,1
28,25,0,0,0,0,0,0.0,0
26,40,2,35,0,0,0,0.0,1
14,50,1,25,1,15,18,4.22,1
23,25,1,15,2,5,6,2.07,1
10,50,1,5,2,25,0,4.8,1
14,10,1,5,2,35,0,3.29,1
16,50,2,5,1,15,0,3.11,1
29,40,1,25,2,35,19,1.12,1
26,10,1,25,1,25,0,1.05,1
15,40,1,15,0,0,50,0.0,1
20,10,1,15,0,0,38,0.0,1
6,40,1,35,0,0,0,0.0,1
24,40,0,0,1,5,49,3.34,1
17,40,0,0,1,25,42,7.45,1
16,50,2,15,0,0,56,0.0,1
23,10,0,0,0,0,0,0.0,0
19,25,0,0,1,15,0,5.92,0
2,25,1,25,0,0,0,0.0,0
8,10,0,0,0,0,7,0.0,0
5,25,1,25,0,0,0,0.0,0
22,25,1,5,0,0,0,0.0,0
1,25,0,0,0,0,10,0.0,0
6,25,0,0,1,25,25,6.2,0
18,50,0,0,0,0,32,0.0,1
21,25,0,0,2,25,0,2.26,1
15,50,0,0,2,25,0,6.01,1
26,25,0,0,0,0,48,0.0,1
28,25,1,35,3,35,8,3.55,1
4,40,1,5,1,15,0,0.95,0
29,25,1,25,2,35,0,3.46,1
19,25,2,25,0,0,7,0.0,1
19,40,1,35,2,15,48,1.48,1
2,25,1,25,1,5,0,6.9,0
19,25,0,0,0,0,0,0.0,0
22,40,0,0,0,0,0,0.0,0
18,25,1,35,1,15,0,6.8,1
2,50,1,25,1,35,0,2.66,1
16,25,0,0,2,25,33,5.09,1
29,50,0,0,0,0,25,0.0,1
22,40,2,25,0,0,14,0.0,1
4,50,1,35,0,0,0,0.0,1
29,50,0,0,2,35,42,3.23,1
29,10,1,25,1,35,49,1.66,1
5,40,0,0,0,0,2,0.0,0
24,25,1,25,0,0,0,0.0,1
12,50,3,15,0,0,0,0.0,1
18,40,1,15,1,25,4,5.37,1
13,25,1,25,1,35,47,6.2,1
24,50,1,5,1,35,0,6.31,1
30,10,1,25,1,35,54,1.62,1
24,40,0,0,0,0,0,0.0,0
28,40,1,5,0,0,14,0.0,1
29,10,0,0,1,25,0,4.34,0
2,40,1,25,0,0,43,0.0,1
7,50,0,0,2,35,0,0.68,1
22,10,0,0,1,15,51,1.18,1
18,40,0,0,3,35,7,1.11,1
1,25,2,35,1,35,0,0.93,1
2,40,0,0,1,25,0,3.0,0
16,10,2,25,0,0,0,0.0,0
19,50,0,0,2,15,0,3.18,1
5,50,0,0,1,15,0,5.73,0
5,25,2,25,2,35,0,2.97,1
4,25,1,5,0,0,12,0.0,0
17,40,0,0,1,35,0,1.55,1
0,40,1,5,3,35,8,7.6,1
17,25,0,0,2,35,48,7.07,1
14,25,2,25,0,0,0,0.0,1
14,10,2,35,0,0,47,0.0,1
21,50,2,35,0,0,9,0.0,1
16,40,0,0,2,25,11,1.43,1
22,50,2,25,1,35,0,3.22,1
23,40,0,0,0,0,0,0.0,0
28,50,1,35,0,0,40,0.0,1
24,10,0,0,2,15,54,1.76,1
16,10,3,35,1,15,47,7.69,1
15,50,0,0,1,25,11,3.17,1
7,50,1,35,0,0,24,0.0,1
18,25,0,0,1,25,4,1.24,1
4,25,3,35,0,0,0,0.0,1
28,40,2,5,0,0,0,0.0,1
26,25,1,5,0,0,15,0.0,0
3,25,2,25,1,25,34,5.95,1
24,50,2,25,2,35,21,5.84,1
3,25,0,0,1,5,37,2.31,0
22,40,3,35,0,0,18,0.0,1
2,10,0,0,0,0,0,0.0,0
15,10,2,25,1,35,0,2.91,1
20,40,1,15,1,5,0,3.61,1
22,25,1,35,3,35,34,2.51,1
12,40,0,0,0,0,0,0.0,0
28,10,0,0,2,15,0,2.67,0
24,50,3,15,0,0,38,0.0,1
6,40,0,0,2,35,0,6.51,1
20,50,0,0,1,25,12,6.14,1
22,10,1,35,0,0,0,0.0,0
10,25,3,15,2,25,3,5.69,1
22,25,1,25,1,15,0,5.65,1
27,40,0,0,0,0,21,0.0,1
25,25,1,25,1,5,0,4.41,1
23,10,1,15,0,0,0,0.0,0
19,25,3,5,1,25,0,3.13,1
8,25,0,0,0,0,0,0.0,0
24,25,3,15,1,15,3,5.9,1
11,25,1,25,1,15,0,1.37,1
16,25,1,25,0,0,10,0.0,1
9,40,0,0,1,35,0,1.56,1
9,25,2,35,3,15,18,1.45,1
4,25,2,5,0,0,0,0.0,0
29,40,0,0,1,15,21,6.0,1
4,40,2,25,2,25,0,4.94,1
2,25,1,5,0,0,0,0.0,0
29,40,2,35,1,25,17,3.88,1
17,50,1,35,0,0,0,0.0,1
13,40,0,0,2,25,4,4.07,1
22,50,2,35,0,0,11,0.0,1
11,40,1,35,3,25,53,6.71,1
3,10,0,0,3,25,0,1.41,0
22,25,0,0,0,0,0,0.0,0
5,40,0,0,1,25,0,3.37,0
17,50,2,25,0,0,44,0.0,1
29,40,0,0,1,25,27,6.2,1
29,10,0,0,2,15,0,5.43,1
11,40,0,0,0,0,2,0.0,0
24,10,1,25,1,35,0,3.76,1
18,40,1,25,1,25,0,2.18,1
14,40,1,35,0,0,22,0.0,1
4,40,0,0,1,35,56,7.6,1
11,50,1,25,1,25,0,3.56,1
20,40,0,0,0,0,0,0.0,0
30,40,1,25,1,25,0,7.08,1
0,40,1,35,1,25,0,6.33,1
22,50,0,0,2,35,49,6.96,1
26,50,0,0,0,0,0,0.0,1
29,10,0,0,0,0,0,0.0,0
13,40,1,35,1,25,0,0.63,1
3,25,2,35,1,25,0,4.08,1
8,50,0,0,2,35,0,2.45,1
26,40,3,5,1,25,46,2.56,1
27,25,0,0,1,25,15,2.52,1
19,25,0,0,1,15,0,3.42,0
3,25,2,15,0,0,0,0.0,0
3,40,1,25,0,0,0,0.0,0
14,25,1,25,2,15,0,3.58,1
18,10,2,25,0,0,25,0.0,1
1,50,0,0,0,0,0,0.0,0
21,40,2,15,2,35,0,5.26,1
16,25,0,0,2,15,0,2.75,0
0,25,1,35,1,5,0,2.55,1
2,50,0,0,1,5,0,3.2,0
14,40,0,0,0,0,0,0.0,0
22,40,0,0,0,0,2,0.0,0
25,25,1,15,0,0,0,0.0,1
13,25,0,0,0,0,52,0.0,1
9,10,1,25,2,35,7,5.65,1
30,40,0,0,0,0,0,0.0,0
14,10,0,0,1,25,0,0.5,0
9,10,2,35,0,0,0,0.0,1
13,40,0,0,1,25,38,6.1,1
0,50,0,0,0,0,17,0.0,0
9,40,0,0,2,35,0,3.04,1
15,40,1,25,2,25,0,4.82,1
28,40,2,25,1,35,0,6.21,1
22,25,1,15,1,35,0,4.33,1
24,25,1,15,0,0,0,0.0,1
16,40,1,35,0,0,0,0.0,1
3,25,0,0,1,25,35,5.35,1
12,40,1,25,1,35,0,7.4,1
30,50,0,0,2,35,0,0.72,1
1,50,1,5,2,15,50,3.12,1
27,10,2,35,1,5,0,7.45,1
21,25,0,0,1,35,0,6.78,1
8,25,0,0,1,25,19,5.13,0
24,25,1,25,1,25,2,2.22,1
25,25,1,35,1,15,0,2.98,1
1,25,0,0,0,0,0,0.0,0
3,40,2,25,0,0,0,0.0,1
20,40,1,35,1,35,40,6.93,1
30,50,1,15,0,0,0,0.0,1
0,10,1,15,0,0,32,0.0,0
20,10,1,35,1,35,9,5.74,1
4,25,3,35,1,35,3,2.64,1
20,10,1,25,0,0,0,0.0,0
19,25,0,0,0,0,32,0.0,1
2,50,0,0,0,0,37,0.0,1
21,25,0,0,1,25,7,1.49,1
27,25,1,15,0,0,0,0.0,0
26,40,0,0,0,0,36,0.0,1
0,40,2,25,0,0,27,0.0,1
7,40,1,35,0,0,0,0.0,1
7,25,1,35,0,0,0,0.0,1
14,50,0,0,0,0,0,0.0,0
4,10,0,0,2,35,0,6.36,0
26,25,1,25,0,0,0,0.0,1
24,40,1,5,3,25,0,4.82,1
25,50,1,25,3,25,0,7.73,1
6,25,0,0,2,25,0,3.55,0
0,40,0,0,0,0,9,0.0,0
28,10,1,35,1,25,37,3.12,1
8,25,0,0,0,0,39,0.0,0
20,10,1,25,0,0,10,0.0,0
28,40,0,0,0,0,0,0.0,0
1,25,0,0,0,0,41,0.0,0
0,40,1,25,1,25,0,2.68,1
0,10,1,35,1,15,0,4.11,1
4,50,1,15,3,25,0,2.92,1
1,50,2,25,0,0,14,0.0,1
25,10,0,0,2,35,0,1.05,1
18,10,3,25,2,5,36,2.84,1
30,10,1,25,1,35,49,2.14,1
24,50,0,0,0,0,57,0.0,1
29,25,1,35,2,25,16,6.62,1
7,40,1,25,2,15,0,2.27,1
8,25,0,0,1,25,21,3.94,0
26,40,1,25,1,15,0,5.55,1
7,40,0,0,1,35,6,1.62,1
1,40,0,0,0,0,0,0.0,0
20,50,2,15,2,35,59,4.48,1
24,25,3,35,1,25,0,6.85,1
30,50,0,0,1,25,20,4.88,1
28,10,2,15,1,5,0,4.12,1
3,40,1,5,0,0,0,0.0,0
23,50,0,0,1,35,0,6.79,1
26,40,1,25,0,0,49,0.0,1
21,40,0,0,0,0,0,0.0,0
25,25,1,25,1,15,0,7.6,1
25,25,3,35,0,0,0,0.0,1
13,25,1,35,2,35,0,6.66,1
1,40,1,35,1,35,0,3.56,1
14,40,0,0,1,15,0,5.09,0
6,25,0,0,0,0,0,0.0,0
3,25,5,25,0,0,57,0.0,1
3,25,3,25,0,0,29,0.0,1
21,25,0,0,3,25,0,4.45,1
15,10,1,35,1,25,0,2.77,1
16,50,0,0,1,25,42,3.76,1
23,40,1,25,2,15,29,6.72,1
16,10,0,0,1,35,35,2.75,1
19,40,3,35,1,15,15,7.17,1
2,50,0,0,2,35,0,7.94,1
26,25,0,0,1,25,0,2.8,1
13,25,1,25,1,25,51,1.42,1
4,10,2,15,0,0,8,0.0,0
25,10,0,0,0,0,40,0.0,1
22,40,0,0,2,35,0,7.68,1
1,50,0,0,0,0,0,0.0,0
5,10,0,0,1,35,56,1.78,1
0,40,1,25,0,0,49,0.0,1
8,10,2,15,1,25,0,6.29,1
3,40,0,0,1,25,0,0.79,0
22,40,0,0,2,25,0,2.27,1
16,25,0,0,3,25,0,2.45,1
30,10,2,5,1,35,0,2.73,1
23,40,1,15,0,0,0,0.0,1
18,50,0,0,0,0,0,0.0,0
15,25,0,0,0,0,46,0.0,1
1,25,0,0,1,15,40,7.39,1
2,10,1,15,0,0,57,0.0,0
19,40,0,0,1,25,0,1.81,0
0,40,0,0,0,0,0,0.0,0
1,40,0,0,1,35,52,1.8,1
6,40,1,25,1,25,0,5.69,1
27,50,0,0,1,35,0,7.64,1
14,50,0,0,0,0,17,0.0,0
21,25,1,35,0,0,0,0.0,1
12,40,1,25,1,15,0,3.42,1
5,25,0,0,0,0,38,0.0,0
11,25,1,35,3,5,0,6.3,1
2,50,0,0,0,0,26,0.0,0
23,40,1,25,1,25,0,0.73,1
5,50,0,0,0,0,0,0.0,0
11,25,1,5,0,0,0,0.0,0
30,40,0,0,0,0,0,0.0,0
18,40,0,0,1,25,16,6.68,1
14,10,1,15,1,35,50,5.93,1
16,25,0,0,0,0,0,0.0,0
24,40,1,35,0,0,3,0.0,1
7,10,1,25,2,25,0,7.22,1
19,50,0,0,0,0,8,0.0,0
27,10,1,35,1,15,7,5.28,1
17,25,0,0,0,0,0,0.0,0
13,40,1,25,1,25,0,7.56,1
4,10,2,35,1,25,0,3.42,1
7,50,2,35,0,0,0,0.0,1
29,40,0,0,3,25,13,5.99,1
16,10,1,35,0,0,0,0.0,0
9,40,0,0,1,15,0,5.94,0
12,40,0,0,1,25,0,2.51,1
17,40,1,5,2,35,31,7.4,1
16,50,1,35,1,25,0,6.34,1
21,40,0,0,2,25,57,7.0,1
7,40,1,25,1,15,0,3.22,1
20,25,0,0,1,35,59,6.81,1
13,40,0,0,0,0,0,0.0,0
29,50,1,35,1,15,0,2.86,1
4,40,0,0,1,25,0,7.73,0
4,40,0,0,2,25,0,0.68,0
14,25,0,0,0,0,0,0.0,0
15,40,0,0,1,5,55,5.14,1
21,50,1,25,0,0,0,0.0,1
12,25,0,0,0,0,0,0.0,0
28,25,2,25,0,0,46,0.0,1
14,40,0,0,1,25,28,1.34,1
4,40,0,0,0,0,0,0.0,0
3,40,1,25,2,15,47,5.89,1
30,10,0,0,1,35,0,3.23,0
4,25,0,0,1,15,0,7.03,0
29,40,0,0,1,35,0,7.05,1
8,40,0,0,1,25,17,3.26,1
2,40,0,0,1,15,40,6.57,1
9,40,1,35,0,0,0,0.0,1
19,40,2,15,1,25,1,5.61,1
13,40,3,25,0,0,0,0.0,1
24,40,0,0,0,0,55,0.0,1
18,40,0,0,0,0,59,0.0,1
12,40,0,0,0,0,0,0.0,0
19,10,0,0,1,15,45,3.7,1
30,25,1,25,1,35,0,3.07,1
12,40,0,0,1,15,0,2.08,0
4,50,2,35,2,35,0,0.97,1
12,40,0,0,2,5,0,4.38,0
26,10,2,25,1,15,11,4.55,1
6,40,1,25,1,15,16,3.83,1
29,25,0,0,0,0,0,0.0,0
18,40,2,25,1,25,45,7.63,1
18,50,0,0,4,25,30,0.6,1
9,40,0,0,2,35,33,6.88,1
28,40,0,0,1,25,0,6.51,1
1,25,2,25,0,0,25,0.0,1
9,25,0,0,0,0,51,0.0,1
12,50,0,0,1,5,0,6.19,1
14,40,0,0,1,35,0,4.44,1
14,40,1,25,4,25,10,1.93,1
4,25,1,35,0,0,0,0.0,0
6,10,2,35,1,35,0,6.97,1
2,10,1,25,0,0,27,0.0,0
17,25,1,15,0,0,14,0.0,0
10,25,0,0,1,25,42,6.08,1
17,50,1,25,0,0,18,0.0,1
18,40,0,0,1,35,0,6.75,1
21,25,1,5,0,0,18,0.0,0
16,10,2,15,0,0,0,0.0,0
20,25,1,35,0,0,11,0.0,1
18,50,0,0,1,15,52,2.27,1
20,25,0,0,0,0,0,0.0,0
19,40,1,25,0,0,0,0.0,1
9,50,0,0,3,35,14,4.66,1
7,10,0,0,1,15,53,3.62,1
24,40,1,25,0,0,0,0.0,1
10,50,1,35,1,35,55,5.3,1
17,25,1,15,1,15,0,6.14,1
6,10,0,0,0,0,0,0.0,0
13,50,1,5,1,35,58,1.8,1
16,50,0,0,0,0,0,0.0,0
19,40,0,0,2,35,21,1.81,1
16,40,0,0,0,0,0,0.0,0
11,25,0,0,0,0,0,0.0,0
29,50,1,15,0,0,0,0.0,1
15,40,1,15,0,0,0,0.0,1
25,10,1,35,0,0,0,0.0,0
22,40,1,35,3,35,40,0.83,1
17,50,1,25,3,25,50,1.68,1
27,50,1,15,2,25,5,2.3,1
3,25,0,0,0,0,0,0.0,0
28,10,0,0,0,0,0,0.0,0
26,50,0,0,1,35,0,1.04,1
15,50,2,25,0,0,0,0.0,1
22,40,1,5,0,0,4,0.0,1
16,40,0,0,0,0,13,0.0,0
8,40,1,25,1,25,59,3.17,1
24,25,0,0,0,0,0,0.0,0
7,10,3,25,0,0,6,0.0,1
9,10,1,5,0,0,46,0.0,0
16,25,0,0,2,25,51,5.56,1
25,50,0,0,1,15,0,6.45,1
11,10,3,35,3,25,55,3.09,1
15,25,1,35,3,25,0,1.13,1
1,40,1,25,1,25,32,6.2,1
3,25,0,0,0,0,32,0.0,0
1,25,1,25,1,15,0,3.43,1
2,40,1,25,0,0,0,0.0,0
26,25,1,15,3,25,0,2.39,1
26,40,0,0,2,35,45,4.03,1
25,50,1,15,0,0,0,0.0,1
1,25,1,25,1,25,0,7.77,1
2,50,0,0,0,0,0,0.0,0
8,50,1,35,1,35,39,3.29,1
17,50,2,25,0,0,48,0.0,1
10,40,1,25,1,15,22,7.7,1
15,40,0,0,1,25,0,2.4,1
5,40,0,0,1,25,0,1.29,0
22,40,2,25,1,25,0,1.68,1
9,10,1,25,0,0,57,0.0,1
2,50,5,5,1,25,26,6.3,1
23,40,2,25,1,15,15,4.53,1
27,40,0,0,0,0,0,0.0,0
0,25,1,35,0,0,46,0.0,1
13,10,1,35,1,25,38,4.86,1
25,40,0,0,0,0,3,0.0,0
21,40,1,35,1,15,10,7.76,1
26,25,2,15,3,25,0,4.29,1
12,25,1,25,0,0,3,0.0,0
11,25,2,25,2,35,0,1.38,1
21,40,1,15,2,5,0,5.89,1
4,25,1,15,0,0,0,0.0,0
7,50,1,35,2,25,0,2.06,1
18,25,0,0,0,0,0,0.0,0
20,25,0,0,0,0,0,0.0,0
3,25,1,25,0,0,35,0.0,1
15,40,1,25,0,0,0,0.0,1
11,40,2,15,1,25,53,4.86,1
15,40,0,0,0,0,20,0.0,0
29,50,0,0,1,35,7,6.91,1
2,25,2,25,0,0,0,0.0,0
30,40,1,5,1,5,52,4.08,1
13,10,0,0,1,25,44,2.86,1
23,25,0,0,1,35,33,4.82,1
13,40,0,0,0,0,12,0.0,0
9,10,4,15,1,25,41,1.45,1
23,40,0,0,1,35,0,2.81,1
21,40,2,25,2,25,22,4.28,1
4,40,1,25,0,0,0,0.0,0
21,40,3,35,1,35,0,2.41,1
23,40,0,0,0,0,0,0.0,0
12,25,1,25,1,5,0,0.79,1
28,10,2,5,0,0,15,0.0,1
19,10,0,0,1,5,0,4.89,0
10,40,1,5,0,0,18,0.0,0
0,50,0,0,2,25,4,3.51,1
20,10,1,35,0,0,30,0.0,1
6,40,0,0,1,25,0,3.43,1
23,40,0,0,1,25,0,7.98,1
16,50,1,15,2,15,46,1.34,1
14,40,1,15,0,0,0,0.0,0
5,40,2,25,0,0,50,0.0,1
22,40,0,0,0,0,44,0.0,1
5,50,0,0,0,0,53,0.0,1
12,10,1,15,1,15,0,1.66,0
25,50,1,25,0,0,0,0.0,1
28,10,2,25,2,35,58,7.07,1
30,50,0,0,2,15,14,1.48,1
29,10,1,15,1,35,0,7.38,1
17,25,0,0,0,0,0,0.0,0
6,10,1,35,1,25,27,5.54,1
26,25,0,0,2,5,0,4.46,0
24,25,1,25,1,35,0,2.59,1
30,25,0,0,0,0,0,0.0,0
20,40,2,25,1,35,21,3.2,1
4,25,0,0,1,35,0,6.69,0
15,40,2,5,1,5,0,0.93,1
13,50,0,0,0,0,42,0.0,1
26,40,0,0,1,25,0,6.26,1
12,10,1,25,0,0,0,0.0,0
10,25,2,15,1,35,0,6.71,1
2,50,1,25,0,0,0,0.0,0
25,10,0,0,1,25,51,5.79,1
23,25,1,15,2,15,0,0.91,1
1,50,2,35,0,0,54,0.0,1
13,50,1,15,0,0,0,0.0,0
14,25,2,35,0,0,6,0.0,1
14,40,1,35,1,15,31,6.07,1
28,40,1,25,1,25,8,5.92,1
4,40,0,0,1,35,0,0.6,1
9,10,0,0,0,0,0,0.0,0
5,10,0,0,2,35,0,7.19,0
7,40,1,25,2,35,20,1.49,1
28,25,0,0,1,25,29,7.71,1
29,40,0,0,1,25,0,1.03,1
1,25,0,0,0,0,38,0.0,0
19,50,2,25,0,0,0,0.0,1
7,50,1,35,2,15,0,2.29,1
5,40,2,25,0,0,0,0.0,1
9,40,3,25,0,0,48,0.0,1
6,25,0,0,0,0,0,0.0,0
15,40,1,5,1,5,0,5.68,1
30,25,2,35,2,5,0,1.53,1
18,50,0,0,3,35,0,1.89,1
22,50,1,5,0,0,60,0.0,1
15,50,2,5,0,0,0,0.0,1
0,50,1,15,1,15,21,0.58,1
2,50,1,25,2,25,0,6.7,1
8,25,2,35,0,0,0,0.0,1
7,50,2,35,0,0,0,0.0,1
26,40,3,15,1,25,34,0.78,1
26,25,2,25,0,0,0,0.0,1
26,40,0,0,2,25,5,5.24,1
19,25,0,0,1,25,0,4.87,0
17,25,1,35,2,5,0,4.33,1
20,25,0,0,0,0,0,0.0,0
12,10,0,0,0,0,7,0.0,0
20,40,1,25,2,25,0,3.31,1
24,50,4,15,2,25,0,2.75,1
23,40,1,25,1,35,0,7.68,1
19,40,1,25,0,0,0,0.0,1
1,25,2,35,2,35,0,6.39,1
22,40,1,25,1,35,59,7.42,1
11,25,0,0,0,0,57,0.0,0
23,50,1,5,1,25,0,6.0,1
16,25,2,35,1,15,0,6.72,1
27,40,2,15,0,0,57,0.0,1
10,40,0,0,1,25,16,7.73,1
28,40,1,35,0,0,0,0.0,1
26,50,1,25,1,35,0,3.9,1
10,25,1,15,1,15,0,7.3,0
14,50,0,0,0,0,0,0.0,0
16,40,1,25,2,15,0,0.82,1
23,40,1,15,2,35,0,1.31,1
21,40,1,15,0,0,40,0.0,1
26,50,0,0,1,35,0,4.18,1
11,50,1,25,2,15,0,3.9,1
15,25,0,0,2,35,0,3.79,1
13,50,0,0,2,25,14,4.53,1
28,40,0,0,2,25,0,4.54,1
9,40,1,35,2,25,0,7.03,1
18,50,0,0,1,35,41,3.09,1
3,25,1,35,0,0,0,0.0,0
26,40,0,0,0,0,0,0.0,0
11,10,2,25,1,15,0,2.87,1
10,25,0,0,0,0,0,0.0,0
18,50,0,0,1,35,30,5.76,1
15,25,0,0,0,0,0,0.0,0
26,25,1,5,0,0,57,0.0,1
16,25,2,25,2,5,0,5.36,1
16,40,2,25,0,0,0,0.0,1
3,50,1,15,1,25,0,6.72,1
0,50,1,35,0,0,0,0.0,1
12,10,0,0,0,0,0,0.0,0
30,40,1,35,0,0,23,0.0,1
28,40,1,5,0,0,39,0.0,1
19,40,0,0,0,0,40,0.0,1
19,25,0,0,2,25,0,2.82,1
12,25,1,35,0,0,0,0.0,1
5,40,1,25,1,35,0,0.55,1
0,40,1,15,1,35,48,7.58,1
10,40,0,0,1,35,0,0.83,1
9,40,1,25,2,35,0,5.6,1
5,50,1,15,3,15,0,2.91,1
8,40,1,5,0,0,0,0.0,0
0,25,2,35,2,35,0,3.68,1
18,50,1,25,0,0,0,0.0,1
28,50,0,0,1,25,4,6.79,1
21,25,1,15,0,0,28,0.0,1
13,40,4,25,0,0,0,0.0,1
13,25,1,35,0,0,0,0.0,1
9,40,1,25,1,25,28,3.65,1
4,25,0,0,0,0,14,0.0,0
18,40,2,35,1,25,0,1.58,1
17,25,0,0,0,0,49,0.0,1
0,40,1,35,0,0,50,0.0,1
12,50,2,25,0,0,0,0.0,1
8,25,0,0,1,25,0,6.16,0
5,50,0,0,0,0,5,0.0,0
21,50,0,0,0,0,42,0.0,1
16,50,0,0,0,0,52,0.0,1
19,25,0,0,0,0,18,0.0,0
22,50,0,0,0,0,0,0.0,0
30,10,0,0,0,0,38,0.0,0
24,25,0,0,0,0,38,0.0,1
19,50,1,25,1,25,0,0.65,1
27,40,1,25,0,0,0,0.0,1
14,40,0,0,1,25,2,2.56,1
30,25,0,0,1,15,49,4.54,1
23,50,1,35,2,35,0,3.78,1
20,40,1,25,0,0,0,0.0,1
28,40,1,5,2,35,0,5.15,1
15,50,0,0,1,25,46,3.36,1
22,25,1,15,1,35,0,3.43,1
8,25,0,0,1,25,17,3.11,1
29,40,1,25,1,25,19,7.15,1
19,50,0,0,4,35,0,0.63,1
24,25,0,0,1,25,0,7.55,1
14,25,0,0,2,35,47,3.19,1
26,10,2,35,1,25,49,3.24,1
2,50,0,0,2,25,0,5.94,1
3,25,2,35,0,0,5,0.0,1
15,40,2,25,2,5,22,3.41,1
22,50,0,0,1,35,38,5.12,1
25,10,0,0,1,15,8,7.28,1
13,40,2,5,2,25,0,6.85,1
20,40,0,0,0,0,60,0.0,1
17,50,1,5,1,15,0,4.37,1
29,25,0,0,2,25,0,5.87,1
20,25,1,35,0,0,13,0.0,1
12,25,0,0,2,25,0,3.44,0
30,40,0,0,0,0,52,0.0,1
3,40,1,25,1,35,0,6.32,1
30,10,2,35,1,25,0,1.78,1
4,25,1,15,0,0,0,0.0,0
8,50,0,0,2,15,4,0.84,1
25,10,3,25,0,0,0,0.0,1
22,25,0,0,0,0,0,0.0,0
30,40,1,35,0,0,53,0.0,1
23,25,1,15,1,5,3,4.56,1
19,25,2,5,1,15,41,2.12,1
10,40,0,0,1,35,22,5.97,1
0,25,1,25,1,35,28,1.26,1
3,40,0,0,0,0,0,0.0,0
9,40,1,25,1,25,0,0.56,1
1,40,1,35,2,25,7,5.57,1
15,10,0,0,2,15,0,4.26,0
24,50,1,35,0,0,0,0.0,1
29,25,1,35,0,0,0,0.0,1
15,40,2,5,1,35,0,7.64,1
27,25,0,0,1,35,0,2.36,1
30,40,0,0,1,35,0,1.42,1
26,25,3,25,1,5,41,0.67,1
14,25,1,35,0,0,38,0.0,1
10,40,2,25,0,0,0,0.0,1
30,10,0,0,1,25,20,3.83,1
7,25,0,0,1,35,29,1.26,1
12,40,0,0,1,15,34,6.32,1
2,50,1,35,0,0,0,0.0,1
24,10,0,0,0,0,42,0.0,1
20,50,2,25,0,0,0,0.0,1
2,40,1,15,2,25,33,1.04,1
6,50,0,0,2,35,0,7.41,1
17,40,1,25,2,35,0,4.56,1
16,40,0,0,1,25,0,5.72,1
24,40,0,0,3,25,4,1.48,1
8,40,1,25,1,35,33,1.17,1
28,50,1,5,1,25,0,3.15,1
13,10,3,25,1,35,0,4.4,1
25,25,1,35,0,0,21,0.0,1
7,10,0,0,0,0,0,0.0,0
1,50,0,0,0,0,0,0.0,0
1,25,0,0,1,25,25,4.82,0
11,40,0,0,3,35,0,2.97,1
29,50,0,0,1,35,0,2.54,1
1,50,0,0,0,0,0,0.0,0
11,25,0,0,2,25,23,7.86,1
3,40,1,15,1,25,22,2.54,1
28,50,1,25,1,5,15,1.53,1
20,10,2,25,1,35,20,3.2,1
23,40,1,35,1,25,43,2.78,1
22,25,2,25,0,0,0,0.0,1
20,40,1,35,0,0,0,0.0,1
23,40,0,0,0,0,14,0.0,0
0,25,0,0,2,15,0,3.66,0
26,10,0,0,2,35,46,5.18,1
22,10,0,0,1,35,27,5.02,1
22,10,1,35,1,35,0,5.74,1
12,40,1,25,0,0,0,0.0,1
24,25,0,0,2,25,37,1.68,1
11,25,0,0,1,35,0,0.84,0
1,40,2,15,1,35,0,6.43,1
28,40,0,0,2,15,0,2.13,1
7,40,2,35,0,0,0,0.0,1
3,50,0,0,0,0,8,0.0,0
19,25,0,0,1,35,13,2.87,1
7,50,2,15,1,25,0,3.92,1
26,10,0,0,1,35,0,5.87,1
13,40,2,35,1,35,55,1.73,1
0,50,1,25,3,25,50,7.27,1
29,50,0,0,3,25,5,2.91,1
15,40,1,25,0,0,55,0.0,1
8,40,2,25,1,5,51,7.87,1
20,25,0,0,0,0,0,0.0,0
16,40,1,25,0,0,9,0.0,1
0,40,1,35,1,15,0,2.64,1
23,50,0,0,2,25,15,5.94,1
12,40,1,15,0,0,11,0.0,0
21,10,1,35,1,35,0,3.33,1
27,40,1,5,1,5,52,6.77,1
18,10,2,35,0,0,52,0.0,1
20,25,0,0,1,15,0,3.97,0
7,25,1,35,1,25,44,7.03,1
7,40,1,25,2,15,16,6.15,1
12,25,1,5,1,15,0,4.9,0
26,25,1,35,2,5,56,2.37,1
16,10,0,0,2,25,0,2.45,0
10,50,1,35,1,25,51,7.94,1
24,40,0,0,0,0,53,0.0,1
26,10,2,25,2,35,0,7.44,1
27,10,1,25,1,25,0,1.54,1
9,40,1,35,1,15,22,2.03,1
21,25,0,0,1,35,0,1.3,1
18,40,0,0,0,0,0,0.0,0
13,25,0,0,3,35,0,2.01,1
12,50,1,15,1,25,0,2.68,1
3,25,1,25,0,0,0,0.0,0
8,40,0,0,2,35,0,6.78,1
17,10,3,25,2,35,43,1.21,1
27,50,0,0,4,35,0,7.12,1
26,50,1,15,0,0,0,0.0,1
5,40,0,0,0,0,0,0.0,0
21,40,2,35,1,25,0,7.79,1
2,25,1,25,1,15,41,2.61,1
20,50,0,0,2,15,10,3.92,1
10,40,1,35,1,35,0,4.47,1
13,25,0,0,1,35,0,2.04,0
22,40,0,0,2,25,0,5.99,1
13,40,3,25,0,0,35,0.0,1
25,50,2,25,1,5,0,4.85,1
16,40,1,25,1,5,0,1.34,1
30,40,0,0,4,25,0,7.22,1
19,40,0,0,3,35,33,2.77,1
9,25,0,0,0,0,0,0.0,0
24,25,2,25,2,25,36,1.67,1
12,10,1,35,1,25,0,7.86,1
16,40,0,0,1,25,21,1.27,1
4,25,0,0,0,0,0,0.0,0
3,25,0,0,0,0,41,0.0,0
17,25,0,0,0,0,54,0.0,1
5,25,0,0,1,35,37,0.95,1
30,40,0,0,1,35,0,2.28,1
26,25,0,0,2,15,0,2.89,0
21,10,1,25,0,0,0,0.0,0
22,40,0,0,5,25,0,3.75,1
18,25,1,35,1,35,53,5.64,1
1,25,1,25,2,35,47,3.24,1
12,25,1,15,0,0,19,0.0,0
15,50,1,5,0,0,0,0.0,0
28,25,0,0,0,0,0,0.0,0
6,40,0,0,2,25,45,4.7,1
15,50,0,0,1,15,0,0.54,1
10,40,1,35,1,25,0,3.39,1
4,25,0,0,1,25,0,7.59,0
3,40,1,25,2,15,41,6.31,1
11,40,0,0,1,35,0,6.06,1
2,25,1,25,1,15,0,2.78,1
2,40,3,25,2,35,0,4.16,1
10,25,0,0,1,25,0,6.83,0
6,10,1,25,2,5,57,7.1,1
17,25,1,25,2,25,0,5.83,1
0,10,0,0,2,25,0,3.92,0
9,25,0,0,0,0,0,0.0,0
14,40,0,0,0,0,0,0.0,0
29,50,0,0,3,35,0,1.05,1
19,10,1,25,0,0,21,0.0,1
27,40,2,35,1,25,10,1.4,1
10,40,1,15,0,0,0,0.0,0
13,10,0,0,0,0,0,0.0,0
13,25,1,25,0,0,0,0.0,0
27,10,3,5,0,0,41,0.0,1
29,25,2,35,1,5,0,0.5,1
29,25,3,25,1,35,0,3.19,1
23,25,1,25,3,25,0,0.68,1
15,40,1,35,2,15,38,3.76,1
16,10,1,25,1,35,37,4.98,1
30,25,1,15,0,0,0,0.0,1
8,10,0,0,0,0,0,0.0,0
10,40,0,0,0,0,45,0.0,1
27,25,1,25,1,15,0,4.97,1
11,40,1,5,1,5,31,4.66,1
7,25,1,35,0,0,2,0.0,1
17,10,1,35,0,0,53,0.0,1
10,50,2,35,1,25,17,2.2,1
27,10,0,0,0,0,0,0.0,0
28,10,0,0,0,0,15,0.0,0
9,10,1,35,1,25,0,4.39,1
16,50,1,35,1,25,0,7.85,1
30,40,0,0,2,35,49,3.83,1
23,40,2,25,0,0,48,0.0,1
6,50,2,15,1,15,31,7.06,1
18,10,1,25,2,35,0,3.36,1
19,50,2,35,0,0,0,0.0,1
20,25,0,0,3,5,0,5.17,0
0,40,1,35,1,15,0,4.11,1
9,25,1,35,0,0,0,0.0,0
26,25,0,0,2,15,0,5.66,1
7,50,1,15,1,5,0,7.23,1
9,10,0,0,0,0,0,0.0,0
9,50,1,15,0,0,42,0.0,1
5,25,0,0,1,25,5,3.81,0
4,40,1,35,1,35,0,6.18,1
10,50,1,15,1,35,0,7.12,1
27,10,0,0,0,0,17,0.0,0
0,50,2,25,1,35,0,6.42,1
8,40,1,25,1,5,15,0.68,1
1,40,4,25,2,35,0,0.5,1
17,10,1,25,3,25,0,7.12,1
7,40,1,35,1,35,26,5.97,1
24,40,0,0,2,35,0,7.69,1
18,40,0,0,1,15,0,2.69,1
24,25,0,0,0,0,0,0.0,0
19,25,0,0,2,25,0,6.41,1
13,50,0,0,1,35,0,6.51,1
26,10,2,35,3,15,0,6.93,1
14,40,2,25,1,35,0,5.69,1
29,50,3,25,0,0,22,0.0,1
30,10,1,35,0,0,5,0.0,1
18,25,1,25,3,35,42,1.54,1
20,40,1,25,2,25,36,5.61,1
7,10,0,0,2,25,0,5.03,0
25,40,1,25,0,0,0,0.0,1
20,40,1,15,2,25,0,3.0,1
27,40,1,5,2,35,23,2.06,1
8,25,1,35,1,25,0,7.14,1
24,40,0,0,0,0,0,0.0,0
14,40,0,0,1,25,54,1.56,1
5,25,3,25,1,15,0,3.67,1
5,40,1,15,0,0,22,0.0,1
17,50,1,15,2,35,0,5.17,1
9,40,0,0,0,0,8,0.0,0
3,40,2,35,1,35,0,7.79,1
13,25,0,0,0,0,0,0.0,0
20,10,0,0,1,25,0,5.53,0
9,25,0,0,1,35,51,2.79,1
29,10,0,0,4,25,8,0.95,1
24,50,1,25,0,0,0,0.0,1
15,25,3,25,0,0,5,0.0,1
28,50,0,0,2,35,29,2.88,1
13,25,0,0,4,15,0,2.7,0
4,25,0,0,2,15,0,6.64,0
1,25,2,5,0,0,0,0.0,0
29,25,0,0,2,35,35,3.32,1
29,40,1,35,0,0,0,0.0,1
22,50,1,35,0,0,0,0.0,1
3,50,0,0,0,0,17,0.0,0
9,25,0,0,3,25,51,1.24,1
1,40,0,0,1,25,17,7.02,1
1,10,0,0,2,35,0,0.64,0
7,50,1,25,1,25,58,0.52,1
17,40,1,25,0,0,0,0.0,1
2,25,0,0,1,25,39,4.06,1
30,25,0,0,1,25,12,1.02,1
14,10,0,0,1,25,0,1.83,0
8,25,0,0,0,0,0,0.0,0
15,50,0,0,2,15,0,7.89,1
24,40,3,25,1,15,0,6.83,1
9,50,2,35,0,0,25,0.0,1
1,10,0,0,0,0,0,0.0,0
1,40,1,35,1,25,5,6.23,1
26,25,1,35,0,0,0,0.0,1
3,40,1,25,1,35,0,5.53,1
19,25,4,25,1,25,0,0.86,1
11,25,2,25,1,25,51,6.77,1
24,40,0,0,0,0,39,0.0,1
1,25,0,0,1,25,0,4.03,0
27,40,0,0,2,15,0,1.24,1
21,40,1,35,1,25,26,2.76,1
13,10,2,15,2,15,41,4.26,1
6,50,0,0,0,0,37,0.0,1
30,40,1,15,0,0,36,0.0,1
9,50,0,0,2,25,24,0.6,1
15,40,0,0,2,15,0,2.39,0
12,40,0,0,4,25,0,3.02,1
7,40,0,0,2,25,0,3.98,1
12,50,1,35,1,35,22,0.51,1
4,40,0,0,1,35,16,4.74,1
0,25,0,0,2,35,48,1.98,1
8,10,1,25,0,0,0,0.0,0
3,40,0,0,1,25,0,4.98,0
12,10,0,0,0,0,29,0.0,0
26,25,2,35,0,0,0,0.0,1
5,10,1,15,1,25,0,2.29,0
0,40,1,25,2,15,0,3.52,1
3,25,1,15,1,5,0,5.18,0
15,40,1,25,0,0,0,0.0,1
8,40,0,0,0,0,29,0.0,0
15,50,2,35,2,15,0,5.42,1
0,25,1,25,1,15,0,0.73,0
10,40,1,25,2,25,0,4.51,1
12,40,0,0,2,35,44,6.62,1
13,40,1,15,0,0,0,0.0,0
17,40,0,0,0,0,32,0.0,1
24,25,0,0,1,25,0,2.05,0
14,50,0,0,1,25,0,4.49,1
26,10,1,35,2,25,58,3.86,1
16,50,0,0,1,15,0,6.87,1
8,40,1,35,2,25,0,3.79,1
7,25,0,0,1,25,0,7.58,0
9,40,2,35,0,0,0,0.0,1
18,10,2,15,0,0,0,0.0,0
7,40,2,25,1,25,15,5.39,1
28,40,1,15,0,0,0,0.0,1
14,10,3,5,1,15,0,4.71,1
26,10,2,15,0,0,0,0.0,0
21,40,0,0,0,0,0,0.0,0
10,25,1,15,0,0,0,0.0,0
7,50,2,15,1,35,3,2.69,1
23,40,0,0,0,0,0,0.0,0
10,40,1,35,1,25,0,4.97,1
7,25,1,15,0,0,26,0.0,0
28,40,1,35,1,25,32,1.48,1
14,50,2,35,0,0,50,0.0,1
1,10,0,0,0,0,0,0.0,0
15,25,0,0,0,0,39,0.0,1
14,25,2,25,3,5,57,3.62,1
26,25,0,0,2,15,6,2.63,1
22,40,0,0,2,25,0,5.53,1
5,40,1,25,1,35,33,6.23,1
4,40,0,0,1,15,50,7.46,1
18,25,0,0,0,0,0,0.0,0
1,10,0,0,2,25,31,2.17,0
9,25,0,0,5,35,17,7.14,1
4,50,0,0,0,0,0,0.0,0
0,40,1,35,1,25,47,6.84,1
28,25,0,0,0,0,53,0.0,1
2,40,1,5,1,25,16,6.97,1
0,10,2,25,2,25,34,6.05,1
28,25,2,25,1,25,0,2.51,1
5,25,0,0,1,35,0,7.08,0
25,50,0,0,0,0,49,0.0,1
0,40,0,0,1,5,0,5.0,0
4,40,2,35,1,35,0,6.05,1
3,10,1,35,0,0,0,0.0,0
21,25,0,0,1,15,0,2.04,0
19,40,1,35,1,35,0,1.68,1
14,25,2,25,1,35,0,2.58,1
7,50,1,25,1,35,0,4.34,1
2,40,2,35,0,0,10,0.0,1
17,25,0,0,1,35,0,3.62,1
7,40,0,0,0,0,0,0.0,0
18,50,0,0,4,35,0,7.16,1
21,40,1,35,1,15,0,0.6,1
26,40,1,25,1,5,1,1.1,1
15,50,0,0,0,0,45,0.0,1
0,25,0,0,0,0,0,0.0,0
8,50,0,0,1,25,0,2.94,0
26,10,1,35,2,25,0,1.76,1
16,40,0,0,1,25,46,3.55,1
19,40,0,0,2,35,10,5.88,1
14,40,0,0,1,35,36,7.95,1
5,40,2,35,1,35,44,2.02,1
27,40,1,25,0,0,0,0.0,1
23,25,2,5,0,0,0,0.0,1
30,25,2,15,1,25,0,2.49,1
26,25,2,35,3,35,0,6.27,1
9,40,2,15,1,35,58,2.54,1
7,25,1,25,1,35,0,5.78,1
7,25,1,25,1,35,0,4.88,1
28,50,0,0,1,15,0,6.91,1
17,25,0,0,0,0,0,0.0,0
14,25,2,35,1,5,49,0.75,1
30,25,2,35,2,35,14,7.85,1
18,25,0,0,3,35,0,7.73,1
28,40,1,35,2,35,0,0.67,1
30,25,0,0,0,0,0,0.0,0
2,10,2,25,0,0,35,0.0,1
11,50,2,15,1,35,0,4.25,1
22,50,0,0,1,35,44,3.51,1
25,40,2,25,1,35,0,2.41,1
4,50,1,15,2,35,17,7.83,1
9,50,2,25,0,0,0,0.0,1
16,25,0,0,0,0,10,0.0,0
24,40,0,0,1,35,27,1.81,1
3,40,3,35,0,0,44,0.0,1
18,25,1,25,0,0,0,0.0,0
9,25,0,0,0,0,0,0.0,0
6,10,0,0,0,0,0,0.0,0
15,40,1,25,1,25,0,2.48,1
12,40,2,25,1,5,0,0.56,1
19,40,0,0,1,5,0,4.85,1
9,25,2,35,2,25,32,6.96,1
25,25,2,25,1,35,0,5.16,1
2,40,1,25,0,0,0,0.0,0
26,40,0,0,1,35,0,5.39,1
0,50,1,15,0,0,37,0.0,1
22,50,0,0,4,25,40,1.0,1
10,50,0,0,2,25,58,5.86,1
11,50,0,0,2,25,0,3.57,1
0,50,0,0,2,35,0,4.05,1
21,40,1,25,2,25,0,4.89,1
5,10,0,0,0,0,0,0.0,0
20,10,2,15,4,15,0,7.82,1
22,25,0,0,1,25,39,6.11,1
26,25,0,0,1,25,9,5.63,1
21,25,0,0,0,0,0,0.0,0
9,50,0,0,0,0,25,0.0,0
22,25,2,25,1,25,11,3.74,1
25,50,1,35,0,0,0,0.0,1
9,40,0,0,0,0,46,0.0,1
3,40,0,0,4,35,0,0.76,1
27,40,0,0,0,0,0,0.0,0
4,25,1,5,0,0,0,0.0,0
18,40,1,25,0,0,0,0.0,1
7,25,2,15,0,0,60,0.0,1
3,50,0,0,1,35,47,4.54,1
24,25,2,15,2,15,0,5.46,1
4,25,1,5,5,15,15,5.78,1
20,40,0,0,1,25,0,5.06,1
21,40,1,15,1,15,42,2.75,1
1,40,1,35,0,0,0,0.0,1
5,40,0,0,0,0,0,0.0,0
24,25,0,0,0,0,0,0.0,0
15,40,0,0,0,0,0,0.0,0
3,25,2,35,0,0,0,0.0,1
30,25,0,0,1,25,2,2.16,1
8,25,1,35,2,5,0,1.18,1
0,25,0,0,1,5,0,5.77,0
28,25,1,25,0,0,0,0.0,1
0,40,3,35,3,35,0,7.78,1
17,25,0,0,1,15,17,4.44,0
30,25,0,0,1,35,19,5.55,1
17,40,3,35,0,0,0,0.0,1
18,10,2,25,2,25,29,5.69,1
12,40,1,5,0,0,0,0.0,0
3,50,0,0,0,0,0,0.0,0
17,25,1,35,1,25,0,1.71,1
27,50,0,0,1,15,20,1.94,1
2,10,0,0,0,0,26,0.0,0
27,10,0,0,0,0,0,0.0,0
12,40,1,35,1,5,0,2.06,1
16,40,0,0,1,25,0,7.5,1
5,50,1,15,1,35,1,0.62,1
19,10,0,0,1,35,50,4.56,1
5,40,0,0,1,5,0,3.33,0
8,25,0,0,4,5,0,5.45,0
22,25,0,0,1,15,0,2.15,0
1,25,0,0,0,0,0,0.0,0
13,50,0,0,1,35,0,7.71,1
18,10,3,25,2,15,0,2.98,1
4,50,0,0,3,15,0,7.44,1
9,40,2,25,1,35,0,4.92,1
10,40,0,0,1,35,0,3.61,1
20,40,0,0,0,0,24,0.0,0
30,50,1,25,0,0,0,0.0,1
25,25,0,0,0,0,0,0.0,0
5,10,2,35,1,25,0,6.0,1
0,40,0,0,0,0,49,0.0,1
1,25,2,25,1,15,0,4.65,1
18,10,1,35,0,0,0,0.0,1
4,25,1,35,1,25,0,1.54,1
7,25,1,5,3,15,4,5.78,0
26,10,0,0,2,25,52,4.85,1
27,10,0,0,1,35,0,4.74,1
26,50,0,0,0,0,0,0.0,1
7,25,0,0,2,15,38,6.04,1
19,50,1,35,2,35,14,5.4,1
18,50,0,0,0,0,0,0.0,0
5,10,1,35,3,25,46,3.25,1
17,40,3,25,1,35,45,2.89,1
16,40,1,25,1,5,0,2.38,1
12,40,0,0,3,25,0,4.81,1
23,10,0,0,0,0,44,0.0,0
21,25,0,0,1,5,53,2.75,1
16,10,0,0,0,0,0,0.0,0
22,40,0,0,0,0,0,0.0,0
23,50,4,35,1,35,0,1.4,1
17,40,0,0,0,0,58,0.0,1
8,40,1,25,0,0,0,0.0,1
23,50,0,0,1,5,0,6.37,1
22,40,1,15,1,25,10,2.07,1
30,10,0,0,0,0,0,0.0,0
4,50,0,0,1,35,0,1.74,1
12,25,0,0,1,35,17,6.87,1
28,10,2,25,0,0,0,0.0,1
15,40,2,15,1,25,3,5.77,1
29,50,1,25,1,25,0,6.25,1
0,25,1,15,1,25,0,3.13,1
1,40,2,25,2,25,4,5.13,1
24,25,0,0,3,25,7,7.49,1
11,10,0,0,1,5,42,2.62,0
16,10,2,25,1,25,0,1.02,1
13,40,1,35,2,5,37,1.78,1
12,50,1,25,1,25,3,7.23,1
29,10,1,35,1,25,0,2.61,1
2,25,0,0,2,15,0,4.18,0
23,25,0,0,1,35,0,4.51,1
27,10,2,35,2,35,0,7.7,1
20,40,1,15,1,25,26,2.76,1
12,40,0,0,0,0,0,0.0,0
4,40,1,25,0,0,0,0.0,0
21,25,0,0,0,0,7,0.0,0
14,40,0,0,0,0,0,0.0,0
4,10,0,0,1,35,0,4.41,0
11,25,3,15,0,0,12,0.0,1
29,50,2,35,2,15,4,7.69,1
8,40,1,25,1,15,32,2.01,1
5,50,0,0,1,15,0,4.98,0
21,50,1,15,0,0,5,0.0,1
6,40,0,0,0,0,0,0.0,0
28,50,0,0,1,25,48,0.98,1
26,25,1,15,2,15,0,2.47,1
30,10,3,25,1,35,0,1.02,1
28,10,1,35,0,0,56,0.0,1
7,10,0,0,2,25,52,2.98,1
6,10,2,35,0,0,0,0.0,1
10,25,2,5,0,0,50,0.0,1
14,40,0,0,2,25,46,2.05,1
27,40,0,0,1,25,0,6.49,1
22,40,0,0,0,0,0,0.0,0
19,10,1,25,2,25,0,3.98,1
27,40,0,0,2,35,0,3.54,1
20,25,0,0,1,25,0,5.69,0
11,10,2,25,2,35,0,7.6,1
12,25,0,0,0,0,55,0.0,1
16,25,0,0,0,0,0,0.0,0
2,25,0,0,0,0,0,0.0,0
22,50,0,0,3,25,0,2.76,1
20,40,0,0,1,25,0,1.0,1
22,40,0,0,1,25,0,1.32,1
16,10,2,25,1,35,0,6.93,1
24,50,0,0,0,0,0,0.0,0
29,40,0,0,0,0,54,0.0,1
17,25,1,15,1,25,13,6.84,1
13,40,2,25,1,25,0,4.07,1
3,40,0,0,0,0,37,0.0,0
24,25,1,35,0,0,0,0.0,1
28,10,0,0,1,15,0,1.61,0
21,40,0,0,0,0,0,0.0,0
26,10,2,25,1,25,0,4.45,1
26,25,0,0,1,5,19,5.51,0
24,10,2,35,1,35,51,2.99,1
15,50,0,0,1,15,0,1.12,1
3,25,3,25,2,25,1,2.91,1
0,25,0,0,1,15,0,5.68,0
6,25,0,0,2,15,26,7.84,1
13,50,0,0,4,25,23,1.93,1
23,40,1,25,1,35,0,7.36,1
14,50,3,25,0,0,0,0.0,1
0,25,1,15,2,15,0,3.92,1
6,10,0,0,1,15,52,5.47,1
30,40,0,0,0,0,0,0.0,0
30,25,2,15,2,15,0,6.98,1
11,50,0,0,0,0,0,0.0,0
24,50,0,0,1,25,18,4.68,1
22,40,0,0,1,35,54,0.96,1
28,50,1,35,1,25,0,2.49,1
27,40,1,35,0,0,0,0.0,1
19,25,0,0,1,35,30,6.52,1
12,40,0,0,2,25,42,4.65,1
19,10,2,35,0,0,0,0.0,1
9,50,0,0,1,25,0,2.97,1
10,10,3,15,2,35,0,4.87,1
18,25,1,5,1,5,0,2.51,0
17,40,1,15,1,35,0,2.31,1
18,10,3,35,1,25,0,6.71,1
11,10,3,35,1,25,0,3.5,1
12,40,0,0,1,35,32,2.55,1
0,10,0,0,1,25,0,3.57,0
18,40,3,25,1,35,0,7.4,1
17,25,0,0,0,0,0,0.0,0
28,25,0,0,1,35,26,1.86,1
15,25,1,35,1,15,0,1.89,1
14,40,2,15,0,0,0,0.0,1
2,50,0,0,0,0,19,0.0,0
6,10,1,25,1,25,0,3.15,0
10,50,0,0,0,0,17,0.0,0
11,40,0,0,2,35,39,0.95,1
11,40,0,0,0,0,20,0.0,0
12,40,2,15,2,15,0,1.06,1
23,40,1,25,0,0,52,0.0,1
4,50,2,35,0,0,0,0.0,1
10,40,0,0,1,35,0,0.58,1
5,40,0,0,1,15,0,1.6,0
9,25,2,35,0,0,0,0.0,1
21,10,0,0,0,0,0,0.0,0
1,40,0,0,0,0,8,0.0,0
10,10,1,15,1,15,13,5.3,1
0,25,2,15,1,25,3,1.97,1
29,10,0,0,3,35,0,3.33,1
22,25,0,0,1,35,52,5.79,1
7,40,0,0,2,25,0,0.74,1
6,40,2,25,1,15,0,2.07,1
3,25,1,5,1,25,0,7.97,0
14,10,0,0,0,0,25,0.0,0
23,25,3,25,2,15,3,4.98,1
18,25,1,25,2,15,3,5.45,1
27,40,3,15,1,25,0,4.37,1
10,40,1,15,0,0,0,0.0,0
8,40,0,0,1,25,0,7.74,0
14,40,1,15,1,15,0,1.58,1
6,50,1,35,0,0,0,0.0,1
30,40,1,25,0,0,56,0.0,1
5,40,1,25,2,5,53,1.01,1
14,40,0,0,0,0,17,0.0,0
16,10,5,25,0,0,39,0.0,1
1,50,1,35,0,0,16,0.0,1
14,25,1,15,2,25,0,6.62,1
14,25,1,5,1,5,51,0.53,1
8,50,0,0,0,0,43,0.0,1
3,40,0,0,1,35,27,4.71,1
1,10,0,0,0,0,56,0.0,0
0,10,0,0,0,0,14,0.0,0
14,10,0,0,0,0,60,0.0,0
2,40,0,0,1,25,18,0.51,1
29,10,1,35,1,5,0,3.11,1
7,50,1,35,1,35,54,5.38,1
20,50,1,15,0,0,52,0.0,1
20,40,1,25,0,0,0,0.0,1
15,40,1,35,0,0,34,0.0,1
27,25,1,15,1,25,0,4.6,1
3,10,1,15,1,35,8,4.7,1
7,40,1,25,1,25,0,1.68,1
7,10,1,15,0,0,0,0.0,0
4,10,0,0,1,25,0,2.71,0
9,25,0,0,1,25,46,5.83,1
9,10,0,0,1,25,0,0.67,0
23,25,1,25,1,25,42,4.96,1
9,40,1,25,2,15,0,4.38,1
27,50,0,0,0,0,52,0.0,1
23,40,1,25,1,25,0,3.08,1
27,50,0,0,0,0,14,0.0,1
3,25,1,25,1,5,0,3.01,1
30,50,0,0,1,35,15,6.49,1
19,40,0,0,1,25,22,3.36,1
30,25,1,25,0,0,0,0.0,1
11,50,1,35,1,35,0,1.1,1
29,25,0,0,0,0,23,0.0,0
18,10,0,0,0,0,1,0.0,0
2,25,1,5,1,15,0,7.72,0
12,25,1,25,0,0,0,0.0,0
4,25,0,0,0,0,0,0.0,0
29,40,0,0,0,0,0,0.0,1
9,50,1,25,2,25,0,1.48,1
6,25,3,25,1,25,0,6.48,1
17,40,1,5,3,25,10,0.6,1
13,25,0,0,1,35,0,3.23,1
3,50,2,25,0,0,0,0.0,1
25,25,2,35,1,25,29,4.36,1
26,10,1,15,2,25,0,0.72,1
23,40,0,0,0,0,59,0.0,1
19,40,0,0,3,35,8,6.01,1
12,40,1,35,2,15,0,2.45,1
16,40,1,35,1,25,0,4.56,1
16,40,0,0,1,35,15,6.44,1
5,25,1,25,0,0,0,0.0,0
2,10,1,15,0,0,52,0.0,0
7,10,2,35,2,15,0,4.93,1
14,10,0,0,0,0,0,0.0,0
4,25,0,0,0,0,0,0.0,0
3,40,2,15,1,25,3,3.92,1
26,25,0,0,0,0,6,0.0,0
11,40,1,35,0,0,0,0.0,1
18,40,2,35,1,35,54,3.02,1
16,40,1,5,0,0,16,0.0,0
22,40,0,0,0,0,19,0.0,0
22,25,3,35,2,15,0,0.84,1
9,25,0,0,0,0,1,0.0,0
26,40,1,25,0,0,0,0.0,1
11,40,0,0,2,25,25,7.35,1
25,25,0,0,1,25,0,4.94,1
12,25,2,25,1,35,0,5.24,1
3,40,1,25,0,0,60,0.0,1
23,40,0,0,3,25,0,3.8,1
0,10,0,0,2,25,0,3.3,0
23,25,1,25,1,25,60,0.85,1
1,50,1,35,2,5,0,1.77,1
6,10,2,35,0,0,0,0.0,1
18,50,1,15,0,0,0,0.0,1
29,25,0,0,1,5,0,3.69,0
12,40,1,25,1,15,0,2.31,1
3,25,0,0,0,0,0,0.0,0
7,10,1,25,1,15,39,0.83,1
27,50,1,25,1,15,0,4.6,1
22,40,1,25,1,25,0,3.98,1
3,50,1,25,1,25,41,3.66,1
11,25,0,0,0,0,0,0.0,0
8,50,0,0,4,5,0,6.38,1
5,50,1,35,3,25,0,5.0,1
26,40,1,25,2,15,0,0.51,1
19,25,1,15,0,0,0,0.0,0
5,40,2,25,2,25,0,6.21,1
20,40,1,15,1,35,0,4.12,1
12,50,0,0,2,25,0,4.38,1
1,25,0,0,1,5,39,7.17,0
13,25,2,5,1,25,42,1.32,1
5,10,1,5,1,25,0,5.0,0
7,40,0,0,1,15,0,2.62,0
27,50,1,25,2,35,0,0.78,1
22,10,0,0,0,0,32,0.0,0
4,40,1,35,1,25,13,3.78,1
26,50,0,0,1,5,0,2.63,1
17,10,1,25,1,25,53,0.51,1
27,10,2,15,1,25,0,4.2,1
23,40,0,0,1,25,53,2.83,1
10,40,1,35,1,35,0,3.76,1
16,10,0,0,3,35,0,0.59,1
16,50,2,15,2,15,9,3.51,1
22,40,0,0,1,5,0,4.03,0
7,50,0,0,1,25,6,4.0,1
10,50,1,35,1,25,0,5.88,1
7,50,1,25,1,25,0,7.93,1
9,40,0,0,1,15,0,0.71,0
4,25,1,15,0,0,48,0.0,1
1,40,0,0,0,0,3,0.0,0
29,10,0,0,2,35,49,3.47,1
2,40,0,0,1,25,0,6.93,0
27,10,0,0,2,35,59,5.19,1
0,40,1,25,0,0,0,0.0,0
24,10,4,25,1,35,3,7.88,1
10,25,0,0,1,5,0,5.85,0
16,25,0,0,2,15,0,5.93,0
8,40,1,35,0,0,48,0.0,1
15,40,0,0,1,15,0,1.07,0
13,10,0,0,0,0,0,0.0,0
16,50,0,0,1,35,0,2.56,1
12,50,2,15,1,25,0,4.88,1
16,25,1,35,0,0,0,0.0,1
25,40,0,0,0,0,0,0.0,0
13,25,0,0,1,35,0,4.42,1
11,25,1,35,2,25,8,6.22,1
4,40,0,0,1,25,0,7.95,0
11,10,1,35,0,0,0,0.0,0
3,50,0,0,2,35,18,2.05,1
5,50,2,35,1,25,0,3.71,1
29,50,1,15,2,35,33,7.0,1
2,40,2,25,2,25,41,6.79,1
14,40,0,0,0,0,0,0.0,0
25,50,1,35,1,15,6,6.63,1
29,25,0,0,0,0,0,0.0,0
4,10,4,25,0,0,7,0.0,1
5,40,1,5,1,5,0,5.15,1
11,25,1,15,1,15,0,7.95,1
17,25,2,15,0,0,0,0.0,1
29,10,0,0,1,35,0,3.18,1
6,40,0,0,1,25,17,1.37,0
5,25,0,0,1,25,41,1.49,1
7,25,0,0,1,15,0,3.77,0
27,10,1,35,1,25,0,6.54,1
0,25,1,25,0,0,0,0.0,0
11,50,0,0,1,35,0,3.9,1
3,25,1,25,1,25,25,5.09,1
4,40,0,0,3,35,17,3.19,1
28,40,0,0,0,0,0,0.0,0
0,25,0,0,1,5,0,5.86,0
9,50,1,35,0,0,0,0.0,1
28,40,0,0,0,0,0,0.0,0
18,40,1,15,0,0,0,0.0,1
2,10,1,35,0,0,0,0.0,0
14,10,1,5,0,0,10,0.0,0
30,50,0,0,3,5,0,1.65,1
12,40,2,15,0,0,59,0.0,1
16,50,1,15,1,25,43,4.4,1
16,50,2,25,0,0,0,0.0,1
20,10,0,0,2,15,60,1.89,1
5,40,0,0,2,25,30,4.01,1
26,40,1,25,0,0,0,0.0,1
30,40,0,0,2,35,0,3.73,1
4,10,2,25,2,15,50,5.03,1
25,25,1,15,1,35,0,4.32,1
25,40,1,5,1,5,0,7.82,1
22,40,0,0,1,25,39,7.25,1
11,40,1,25,2,25,0,2.71,1
14,25,1,5,1,25,0,1.41,0
26,25,5,35,0,0,0,0.0,1
4,50,0,0,1,5,0,0.99,0
25,25,4,35,3,35,0,1.98,1
28,25,4,35,1,35,0,2.17,1
21,40,1,25,2,25,32,7.17,1
10,25,1,25,1,25,0,7.44,1
17,40,0,0,2,25,0,2.23,1
1,25,0,0,4,25,29,6.19,1
28,50,1,25,1,25,0,6.77,1
10,50,3,35,1,25,0,3.33,1
1,50,0,0,1,35,31,7.04,1
24,40,2,35,0,0,25,0.0,1
20,25,2,25,0,0,0,0.0,1
19,40,3,25,1,25,39,7.91,1
1,50,0,0,0,0,0,0.0,0
23,40,0,0,0,0,30,0.0,1
19,40,2,35,0,0,0,0.0,1
24,40,1,5,2,15,0,7.76,1
25,40,0,0,0,0,59,0.0,1
6,40,1,25,0,0,0,0.0,1
6,25,0,0,0,0,54,0.0,1
28,40,1,25,0,0,28,0.0,1
16,40,2,35,0,0,0,0.0,1
13,10,1,25,0,0,24,0.0,0
8,50,1,15,0,0,0,0.0,0
19,40,0,0,1,35,0,6.06,1
23,10,1,15,2,15,46,3.29,1
0,50,1,25,0,0,39,0.0,1
17,40,1,35,4,15,0,2.2,1
30,40,0,0,2,35,14,7.95,1
8,25,1,35,0,0,0,0.0,1
8,50,1,25,1,15,51,2.57,1
27,25,2,15,1,15,0,3.79,1
1,40,1,35,1,25,41,2.48,1
12,10,4,35,1,35,0,4.22,1
14,40,1,25,1,5,0,1.33,1
24,40,2,25,0,0,38,0.0,1
3,40,0,0,0,0,0,0.0,0
13,40,1,15,0,0,47,0.0,1
4,50,1,35,1,25,14,6.57,1
24,40,0,0,0,0,48,0.0,1
19,25,0,0,1,5,0,4.29,0
15,50,0,0,0,0,0,0.0,0
12,40,1,25,1,25,8,3.65,1
4,50,1,25,2,25,0,3.22,1
28,50,0,0,2,15,0,4.85,1
20,50,2,35,1,35,48,6.35,1
9,40,0,0,1,25,36,7.27,1
12,40,2,25,0,0,35,0.0,1
22,25,1,35,1,35,44,6.81,1
22,40,1,25,2,35,0,3.84,1
14,40,2,25,0,0,0,0.0,1
9,40,1,35,1,35,19,6.75,1
20,50,0,0,0,0,0,0.0,0
20,10,0,0,0,0,47,0.0,1
18,25,0,0,1,35,0,4.46,1
2,40,1,35,2,25,0,5.29,1
14,25,1,35,1,35,2,5.56,1
19,10,1,35,0,0,0,0.0,1
29,25,1,25,1,25,42,3.5,1
16,50,0,0,2,15,0,4.15,1
10,40,2,15,2,25,48,5.69,1
17,10,0,0,2,25,0,2.81,0
5,10,0,0,1,25,0,6.1,0
2,40,2,25,0,0,0,0.0,1
21,25,0,0,0,0,0,0.0,0
30,40,0,0,2,35,0,3.16,1
26,40,2,35,0,0,1,0.0,1
18,25,2,25,0,0,0,0.0,1
1,40,0,0,0,0,0,0.0,0
30,25,1,35,0,0,0,0.0,1
13,25,1,35,1,25,0,4.89,1
8,50,0,0,1,15,42,6.78,1
27,40,1,35,2,5,47,0.67,1
23,50,0,0,3,35,32,2.3,1
23,25,1,35,0,0,37,0.0,1
8,25,0,0,1,25,0,4.71,0
30,40,3,25,1,25,4,1.3,1
14,40,0,0,1,35,0,2.04,1
16,50,0,0,1,35,60,6.12,1
23,10,1,25,0,0,0,0.0,0
20,50,1,35,1,25,59,0.69,1
5,50,0,0,0,0,46,0.0,1
9,40,0,0,2,25,0,5.08,1
11,25,0,0,1,15,1,0.76,0
29,40,0,0,0,0,0,0.0,0
22,25,1,15,1,35,0,1.37,1
11,40,0,0,1,25,26,3.43,1
22,40,0,0,2,35,0,7.74,1
22,50,1,15,2,15,50,4.59,1
12,40,1,35,1,25,41,2.84,1
12,40,2,25,0,0,0,0.0,1
27,40,2,25,0,0,55,0.0,1
17,40,0,0,0,0,37,0.0,1
4,50,0,0,1,25,0,3.58,1
22,25,0,0,1,25,0,4.77,1
18,50,1,15,0,0,0,0.0,1
15,50,0,0,0,0,0,0.0,0
22,50,0,0,0,0,0,0.0,0
28,40,3,25,3,25,0,5.15,1
10,50,0,0,0,0,43,0.0,1
12,25,2,35,0,0,21,0.0,1
5,40,1,25,1,35,0,2.51,1
20,10,2,25,0,0,49,0.0,1
12,25,1,25,0,0,33,0.0,1
10,25,0,0,1,25,0,1.98,0
21,25,1,35,1,35,0,4.21,1
12,25,0,0,1,15,0,5.34,0
14,50,0,0,2,25,49,6.62,1
13,25,1,35,3,15,0,4.95,1
8,40,0,0,1,15,13,5.69,1
3,10,2,25,0,0,0,0.0,0
25,40,1,25,0,0,17,0.0,1
2,40,2,15,2,35,0,4.13,1
10,25,1,25,0,0,0,0.0,0
20,40,0,0,2,5,6,4.75,0
4,50,0,0,1,35,0,5.27,1
20,50,0,0,1,25,41,2.27,1
22,25,1,15,1,25,44,7.51,1
20,40,1,25,0,0,18,0.0,1
9,40,0,0,2,5,0,3.09,0
0,25,0,0,0,0,24,0.0,0
27,50,0,0,2,25,0,5.04,1
10,25,2,25,0,0,0,0.0,1
24,50,2,25,1,35,0,4.71,1
6,10,0,0,2,25,35,6.9,1
5,10,0,0,1,25,0,1.35,0
24,50,2,15,1,35,46,7.13,1
29,50,1,15,0,0,19,0.0,1
26,50,1,15,0,0,0,0.0,1
23,50,1,35,0,0,0,0.0,1
7,25,0,0,0,0,30,0.0,0
28,25,1,15,2,35,12,1.53,1
20,10,2,15,1,15,49,1.58,1
5,40,0,0,1,25,53,6.97,1
4,25,3,35,0,0,45,0.0,1
27,50,2,15,0,0,49,0.0,1
8,10,0,0,0,0,46,0.0,0
23,10,0,0,1,25,51,2.43,1
4,25,2,35,0,0,0,0.0,1
8,25,1,25,1,35,0,5.09,1
8,25,0,0,1,25,0,3.98,0
8,40,0,0,2,25,26,7.51,1
20,25,0,0,1,35,0,6.37,1
28,40,0,0,0,0,13,0.0,1
28,50,0,0,2,25,0,3.01,1
22,40,0,0,0,0,58,0.0,1
6,40,2,35,0,0,0,0.0,1
29,25,0,0,2,25,1,6.6,1
16,25,1,25,1,35,0,2.19,1
16,25,1,15,3,15,25,5.12,1
21,50,0,0,0,0,0,0.0,1
23,40,0,0,0,0,0,0.0,0
29,25,5,35,2,25,44,6.14,1
18,40,1,35,0,0,0,0.0,1
18,50,1,25,0,0,48,0.0,1
23,40,2,35,1,35,0,5.77,1
7,40,0,0,0,0,42,0.0,1
9,50,0,0,1,35,0,5.43,1
19,40,2,25,1,35,0,6.72,1
1,40,1,35,0,0,0,0.0,1
9,25,0,0,2,25,0,4.67,0
22,10,1,35,1,25,0,7.46,1
30,50,0,0,0,0,0,0.0,1
16,40,0,0,2,25,30,1.59,1
12,25,1,5,2,5,0,3.17,1
13,40,0,0,1,35,56,6.37,1
21,10,2,35,2,15,0,2.81,1
16,50,0,0,1,25,15,3.82,1
0,25,1,35,2,25,0,6.3,1
16,50,1,35,1,15,0,4.54,1
12,40,0,0,2,15,0,1.91,0
21,25,0,0,0,0,9,0.0,0
27,10,1,15,1,25,38,1.81,1
29,50,0,0,1,5,0,2.76,1
18,25,1,35,1,35,0,2.77,1
11,10,0,0,0,0,0,0.0,0
13,40,2,25,1,35,0,1.53,1
5,25,2,25,3,5,20,6.76,1
29,25,0,0,2,35,0,2.62,1
26,25,0,0,0,0,0,0.0,0
26,50,0,0,0,0,29,0.0,1
10,25,2,35,0,0,0,0.0,1
9,25,0,0,1,25,28,6.52,1
26,25,0,0,1,5,16,7.8,1
16,25,0,0,0,0,60,0.0,1
21,25,1,25,1,25,0,2.99,1
15,10,2,35,1,35,0,7.78,1
13,25,1,25,0,0,23,0.0,1
19,25,1,15,0,0,0,0.0,0
25,50,0,0,1,25,0,1.93,1
10,10,1,35,2,15,41,5.36,1
25,25,1,25,0,0,10,0.0,1
7,50,2,25,0,0,60,0.0,1
12,50,0,0,2,35,60,7.93,1
28,40,1,25,1,35,0,6.56,1
29,25,1,15,1,35,0,2.22,1
28,25,0,0,0,0,5,0.0,0
9,25,1,25,0,0,0,0.0,0
26,10,1,25,2,25,39,2.43,1
29,25,0,0,0,0,36,0.0,1
30,40,0,0,1,35,11,2.47,1
0,25,3,35,1,25,47,7.57,1
23,40,1,35,0,0,46,0.0,1
30,25,1,35,1,15,51,2.34,1
23,25,1,15,1,35,37,4.32,1
7,40,0,0,0,0,0,0.0,0
23,50,1,35,1,25,0,3.12,1
3,25,0,0,3,35,43,3.21,1
14,40,2,5,0,0,0,0.0,1
19,25,1,35,0,0,44,0.0,1
14,10,0,0,1,25,0,3.56,0
21,40,0,0,0,0,47,0.0,1
7,25,1,25,1,25,0,3.09,1
18,25,0,0,1,15,36,5.0,1
19,40,1,35,2,25,45,3.69,1
19,25,2,25,1,35,0,3.81,1
8,10,0,0,0,0,0,0.0,0
9,25,1,15,4,35,0,4.29,1
7,50,0,0,1,25,0,3.17,1
14,40,0,0,0,0,4,0.0,0
18,25,0,0,1,15,0,6.16,0
11,10,0,0,0,0,38,0.0,0
12,40,2,35,1,25,0,4.28,1
8,10,1,25,1,35,0,4.32,1
6,40,0,0,1,25,13,2.07,1
20,40,0,0,2,35,0,0.73,1
25,25,1,35,0,0,25,0.0,1
9,25,1,35,0,0,47,0.0,1
26,10,3,25,1,25,0,6.57,1
17,10,0,0,3,5,7,6.92,0
5,25,3,25,2,25,46,2.31,1
11,50,0,0,0,0,0,0.0,0
0,25,2,25,3,25,16,3.2,1
1,40,1,35,0,0,46,0.0,1
10,40,1,35,1,25,46,3.19,1
14,10,0,0,1,15,0,5.63,0
24,25,3,25,0,0,1,0.0,1
4,25,0,0,0,0,0,0.0,0
26,40,0,0,1,35,15,1.9,1
7,25,3,35,2,25,0,7.84,1
4,40,1,15,1,35,49,0.96,1
21,50,0,0,1,25,21,7.8,1
24,40,2,25,0,0,0,0.0,1
18,50,0,0,1,25,0,1.02,1
3,40,2,35,0,0,27,0.0,1
3,50,1,35,1,25,1,2.88,1
12,50,2,25,0,0,0,0.0,1
13,40,1,25,1,25,42,2.38,1
30,50,0,0,3,25,6,2.45,1
8,50,0,0,1,25,0,7.96,1
5,40,1,15,2,5,0,3.94,1
29,40,0,0,2,35,0,1.4,1
4,40,1,15,2,25,0,7.87,1
0,50,2,25,0,0,0,0.0,1
13,25,0,0,1,15,17,2.32,0
12,50,1,35,1,35,0,1.04,1
19,40,0,0,1,15,29,0.68,1
27,50,3,25,0,0,0,0.0,1
28,25,2,25,1,35,0,3.97,1
8,40,2,35,2,25,47,7.39,1
30,40,0,0,3,15,0,0.63,1
19,50,1,15,0,0,0,0.0,1
2,50,0,0,3,5,0,5.94,0
29,40,0,0,1,5,30,2.45,1
4,40,1,15,3,5,59,2.14,1
18,25,0,0,1,5,0,5.78,0
24,50,0,0,1,25,0,6.11,1
7,25,0,0,2,25,32,4.69,1
8,40,1,35,0,0,16,0.0,1
14,40,0,0,0,0,0,0.0,0
27,25,1,5,1,25,12,2.02,1
6,25,0,0,1,15,48,0.55,1
20,25,2,25,0,0,28,0.0,1
14,50,2,25,1,5,0,6.03,1
3,40,2,15,1,5,0,5.0,1
22,10,1,15,0,0,0,0.0,0
25,40,2,15,0,0,37,0.0,1
17,25,0,0,0,0,0,0.0,0
5,50,2,25,1,15,23,3.67,1
4,25,0,0,0,0,0,0.0,0
13,25,1,35,1,25,17,2.1,1
15,10,1,25,1,15,0,6.21,1
17,40,0,0,0,0,0,0.0,0
7,40,1,25,0,0,0,0.0,0
15,40,2,25,1,25,36,1.03,1
9,40,1,35,2,35,0,5.32,1
21,25,1,15,1,15,0,5.66,1
24,25,2,35,1,15,18,2.17,1
20,25,1,25,0,0,0,0.0,1
0,50,1,35,2,25,0,4.12,1
30,25,1,25,0,0,0,0.0,1
0,50,0,0,1,25,0,4.4,0
30,25,3,5,0,0,60,0.0,1
0,10,0,0,1,5,0,4.93,0
16,25,1,25,1,35,44,7.26,1
3,10,0,0,1,35,50,4.6,1
2,40,2,15,3,35,0,1.0,1
21,40,0,0,0,0,0,0.0,0
22,25,1,35,1,35,0,3.09,1
3,40,0,0,1,25,0,5.21,0
30,40,0,0,2,25,18,3.0,1
9,50,0,0,2,25,0,6.26,1
9,50,0,0,2,35,2,1.92,1
9,40,1,25,0,0,0,0.0,0
14,50,1,25,0,0,0,0.0,1
5,40,1,15,2,25,0,1.57,1
13,40,1,35,1,25,0,2.23,1
6,40,2,25,1,5,0,7.07,1
1,10,1,35,1,25,0,5.61,1
11,40,2,35,2,25,0,4.4,1
20,50,1,25,1,35,3,2.75,1
23,10,0,0,0,0,0,0.0,0
10,50,1,35,1,15,52,7.39,1
10,50,0,0,2,35,0,7.17,1
24,25,0,0,1,5,0,3.5,0
21,40,1,25,2,25,0,6.15,1
25,50,2,25,1,25,0,7.35,1
28,50,2,15,3,25,0,2.85,1
25,10,2,25,1,25,0,2.97,1
29,25,0,0,0,0,53,0.0,1
12,40,1,25,1,15,41,4.59,1
12,25,1,5,0,0,36,0.0,1
9,25,1,35,0,0,0,0.0,0
7,10,1,5,2,15,0,3.56,0
23,25,0,0,0,0,0,0.0,0
22,40,0,0,1,35,13,6.21,1
24,40,1,25,3,15,46,4.53,1
5,40,1,15,2,35,0,2.09,1
15,40,1,25,1,35,0,3.17,1
6,25,0,0,2,5,31,5.53,1
27,25,2,35,1,35,37,0.9,1
8,10,0,0,0,0,2,0.0,0
4,25,0,0,1,35,0,3.07,0
17,25,1,5,1,35,0,0.62,1
27,25,0,0,3,35,0,6.66,1
28,10,2,25,3,25,0,1.38,1
2,25,0,0,1,35,0,1.08,0
10,40,1,25,2,15,31,6.4,1
4,40,0,0,1,5,42,1.17,1
9,50,0,0,1,35,47,5.63,1
16,40,2,35,0,0,0,0.0,1
8,40,0,0,1,15,0,3.35,0
2,10,1,15,3,25,0,6.66,1
15,40,1,35,0,0,0,0.0,1
1,10,2,25,0,0,9,0.0,0
7,25,0,0,1,25,2,1.87,0
0,25,1,25,0,0,0,0.0,0
2,25,0,0,3,25,0,1.13,0
13,25,0,0,1,35,52,2.21,1
26,40,1,25,0,0,0,0.0,1
24,50,1,25,1,15,0,7.49,1
3,40,1,25,1,15,0,6.72,1
1,40,1,15,2,25,0,2.64,1
10,40,1,25,1,35,19,2.05,1
20,10,0,0,0,0,29,0.0,0
23,40,1,25,1,35,38,1.68,1
25,40,0,0,1,15,30,2.16,1
10,25,1,25,1,35,0,2.04,1
5,25,0,0,3,25,0,7.16,0
0,50,0,0,0,0,0,0.0,0
4,40,0,0,1,35,57,0.65,1
2,40,1,15,0,0,51,0.0,1
26,40,1,25,1,5,0,7.1,1
8,25,0,0,0,0,24,0.0,0
25,40,2,25,2,25,12,0.81,1
17,25,0,0,0,0,59,0.0,1
16,25,0,0,0,0,43,0.0,0
14,40,0,0,1,25,46,6.7,1
25,10,1,25,1,25,28,3.69,1
1,40,0,0,0,0,0,0.0,0
2,25,0,0,0,0,30,0.0,0
13,40,0,0,0,0,0,0.0,0
12,40,2,35,0,0,0,0.0,1
16,40,1,25,2,5,0,1.08,1
22,40,1,25,1,25,0,6.49,1
18,50,1,5,1,25,11,2.42,1
7,40,0,0,2,25,26,7.09,1
10,40,1,35,0,0,0,0.0,1
23,40,0,0,2,25,0,6.14,1
6,25,2,25,1,15,33,7.86,1
15,25,2,25,2,35,0,6.74,1
16,25,2,15,0,0,0,0.0,1
23,25,0,0,1,25,0,2.31,1
22,25,0,0,2,25,0,3.57,1
14,25,1,5,1,35,0,5.72,1
9,40,0,0,2,25,0,2.87,1
11,25,1,35,1,15,0,4.6,1
12,50,0,0,0,0,0,0.0,0
6,25,0,0,1,25,0,2.28,0
19,40,0,0,0,0,8,0.0,0
6,10,1,15,0,0,0,0.0,0
20,40,0,0,2,35,0,5.47,1
23,10,0,0,1,5,0,3.07,0
29,40,0,0,1,25,39,0.91,1
3,25,0,0,1,15,0,7.76,0
23,50,0,0,2,35,37,6.83,1
2,25,1,15,1,25,0,2.78,1
10,40,0,0,1,35,51,1.47,1
5,25,1,15,0,0,0,0.0,0
5,40,0,0,0,0,0,0.0,0
5,40,0,0,0,0,4,0.0,0
1,25,0,0,2,25,0,6.01,0
25,25,0,0,1,5,0,2.16,0
1,10,1,35,0,0,14,0.0,0
12,10,2,35,1,25,26,5.04,1
21,50,0,0,0,0,53,0.0,1
30,25,0,0,1,35,0,6.34,1
26,10,0,0,0,0,0,0.0,0
4,50,1,35,3,15,15,2.54,1
30,10,1,35,5,5,59,2.63,1
20,25,2,35,2,35,0,0.96,1
5,40,2,25,2,25,58,2.9,1
13,50,0,0,0,0,0,0.0,0
28,40,0,0,0,0,6,0.0,0
12,40,0,0,1,5,0,4.98,0
5,50,1,15,0,0,0,0.0,0
27,10,1,25,1,15,0,1.67,1
29,50,0,0,2,25,22,7.65,1
30,50,1,15,0,0,0,0.0,1
29,50,2,35,2,25,0,5.92,1
27,25,1,5,0,0,0,0.0,0
14,10,1,15,3,25,16,2.03,1
5,40,0,0,2,25,30,4.48,1
19,40,3,25,4,35,0,3.44,1
6,40,1,15,1,15,0,3.37,1
14,50,2,5,1,25,0,4.7,1
20,40,0,0,0,0,0,0.0,0
29,25,0,0,1,25,0,1.31,1
8,25,0,0,1,25,0,2.11,0
7,10,0,0,0,0,0,0.0,0
22,25,0,0,0,0,56,0.0,1
0,10,1,15,1,25,23,1.62,0
17,50,0,0,0,0,0,0.0,0
23,40,1,25,1,25,40,1.8,1
17,40,0,0,0,0,0,0.0,0
11,25,2,15,0,0,9,0.0,0
25,40,0,0,0,0,35,0.0,1
11,50,0,0,0,0,0,0.0,0
22,50,3,15,0,0,0,0.0,1
14,40,0,0,3,35,0,5.41,1
0,50,0,0,1,15,22,7.97,1
16,40,2,15,0,0,56,0.0,1
1,40,1,35,1,15,0,5.38,1
28,50,1,15,0,0,0,0.0,1
18,25,1,5,1,25,47,7.89,1
11,25,1,35,0,0,0,0.0,1
15,25,0,0,1,25,13,4.83,1
19,40,3,35,0,0,0,0.0,1
8,40,1,15,0,0,38,0.0,1
8,40,1,15,0,0,0,0.0,0
12,25,1,15,2,15,21,2.62,1
8,25,0,0,0,0,0,0.0,0
23,50,0,0,0,0,0,0.0,0
3,25,0,0,1,35,27,7.04,1
25,50,0,0,0,0,28,0.0,1
10,25,0,0,4,35,0,1.0,1
17,40,1,35,2,25,0,1.27,1
4,40,0,0,1,25,0,7.61,0
11,50,5,15,3,5,0,5.38,1
23,10,2,35,1,25,50,7.47,1
8,50,4,35,0,0,0,0.0,1
4,40,0,0,3,25,18,1.5,1
16,40,2,25,0,0,0,0.0,1
5,40,3,5,1,35,0,6.26,1
9,10,1,35,1,25,0,2.26,1
13,40,1,35,0,0,1,0.0,1
17,25,1,35,1,15,12,3.08,1
19,25,0,0,1,15,0,7.24,0
20,40,2,5,0,0,50,0.0,1
26,40,1,35,2,15,0,3.58,1
2,10,0,0,0,0,0,0.0,0
11,10,0,0,2,35,18,5.53,1
0,25,2,35,0,0,4,0.0,0
0,25,2,35,0,0,0,0.0,1
6,40,1,25,0,0,0,0.0,1
18,25,0,0,0,0,25,0.0,0
27,50,0,0,0,0,53,0.0,1
23,25,1,25,0,0,53,0.0,1
20,10,0,0,0,0,0,0.0,0
24,50,2,25,1,35,0,7.15,1
5,25,0,0,1,35,0,7.03,0
26,25,0,0,3,35,0,0.57,1
27,50,0,0,0,0,0,0.0,0
2,50,2,35,1,5,0,1.69,1
14,40,1,35,0,0,57,0.0,1
25,10,0,0,0,0,0,0.0,0
14,40,0,0,2,35,0,7.39,1
26,50,1,25,2,35,0,4.72,1
29,50,1,15,1,15,0,4.1,1
14,10,1,5,3,25,42,0.99,1
1,25,0,0,0,0,0,0.0,0
10,25,2,25,3,25,0,0.69,1
6,10,1,35,0,0,0,0.0,0
14,40,2,5,0,0,0,0.0,1
18,25,1,25,0,0,0,0.0,1
14,25,0,0,3,35,0,7.65,1
6,10,2,35,0,0,0,0.0,0
9,40,2,25,0,0,50,0.0,1
21,25,0,0,2,15,0,4.05,1
0,25,0,0,1,35,0,6.4,0
6,10,0,0,0,0,0,0.0,0
27,50,0,0,0,0,0,0.0,0
3,10,0,0,0,0,47,0.0,0
12,40,0,0,0,0,0,0.0,0
6,25,0,0,1,35,2,2.15,0
3,10,0,0,2,35,0,2.28,0
13,25,2,15,1,5,26,4.7,1
16,10,1,25,1,15,32,7.07,1
5,10,0,0,1,25,28,2.66,0
2,40,1,25,0,0,50,0.0,1
4,40,0,0,0,0,59,0.0,1
20,10,0,0,2,25,0,2.97,0
26,25,1,15,1,5,33,4.63,1
5,40,0,0,1,35,6,0.8,1
9,25,0,0,1,5,22,3.34,0
10,25,0,0,1,25,12,4.67,1
11,10,1,25,2,35,29,0.54,1
7,25,2,25,0,0,0,0.0,0
1,40,1,25,1,25,0,5.29,1
16,50,0,0,1,35,15,0.88,1
11,50,0,0,2,25,0,5.9,1
10,50,1,25,2,25,5,6.51,1
8,25,1,5,3,15,0,6.79,1
28,10,0,0,0,0,0,0.0,0
18,25,1,15,0,0,11,0.0,1
12,25,0,0,0,0,30,0.0,0
6,10,3,15,1,25,0,5.55,1
24,10,0,0,0,0,9,0.0,0
27,40,0,0,1,25,2,4.71,1
1,25,1,5,1,35,0,2.81,0
28,25,0,0,0,0,0,0.0,0
21,40,0,0,0,0,17,0.0,0
3,25,2,35,0,0,0,0.0,1
23,50,0,0,1,35,39,3.68,1
3,25,1,15,2,5,38,1.15,1
1,40,0,0,2,5,0,5.8,0
3,25,0,0,1,25,0,0.69,0
14,40,1,25,1,25,0,3.6,1
19,25,2,15,4,15,0,4.3,1
12,25,1,15,1,15,0,5.38,1
3,40,0,0,0,0,0,0.0,0
6,25,1,15,0,0,0,0.0,0
26,25,0,0,2,15,24,3.07,1
29,50,1,25,2,25,0,3.82,1
23,10,0,0,1,5,40,4.91,1
3,40,0,0,1,35,0,7.42,1
25,40,1,25,1,25,12,5.54,1
21,25,2,35,1,25,0,2.41,1
16,40,0,0,0,0,0,0.0,0
4,10,1,15,0,0,0,0.0,0
30,40,0,0,1,25,44,6.85,1
13,25,0,0,1,15,2,0.91,0
1,25,0,0,1,35,0,2.54,0
6,25,2,25,0,0,0,0.0,0
12,50,1,35,0,0,0,0.0,1
1,40,2,25,1,25,9,1.31,1
10,50,1,5,1,35,56,3.85,1
14,40,1,15,1,25,0,5.28,1
29,40,0,0,3,25,29,4.48,1
2,40,1,5,3,15,0,6.58,0
17,50,0,0,3,25,0,4.76,1
28,40,0,0,0,0,34,0.0,1
24,25,0,0,2,25,24,2.25,1
28,40,2,35,1,25,39,4.52,1
5,40,3,25,1,15,0,6.02,1
24,10,1,25,1,15,0,4.27,1
30,25,0,0,0,0,45,0.0,1
10,25,1,35,0,0,0,0.0,0
15,50,1,25,3,5,47,3.81,1
16,25,0,0,0,0,0,0.0,0
15,50,0,0,0,0,0,0.0,0
8,25,2,25,2,25,15,4.47,1
30,40,3,5,1,25,38,4.61,1
29,10,2,25,0,0,0,0.0,1
11,50,2,5,0,0,48,0.0,1
24,40,1,15,1,35,25,2.83,1
12,25,2,15,1,15,0,6.91,1
24,25,0,0,1,5,0,2.06,0
18,25,0,0,0,0,0,0.0,0
14,25,1,35,1,15,0,0.75,1
3,40,1,25,2,15,0,6.06,1
20,50,0,0,1,25,23,6.82,1
9,40,2,35,2,5,38,5.32,1
6,40,0,0,0,0,0,0.0,0
5,25,0,0,2,35,35,4.02,1
30,50,0,0,0,0,0,0.0,0
3,50,0,0,1,35,16,7.81,1
24,25,1,5,0,0,58,0.0,1
26,50,0,0,0,0,0,0.0,1
0,25,0,0,0,0,0,0.0,0
18,50,0,0,2,25,34,3.28,1
17,50,1,35,2,35,0,3.54,1
11,40,0,0,0,0,34,0.0,1
20,25,2,5,0,0,13,0.0,1
12,40,4,35,0,0,0,0.0,1
13,10,3,35,1,25,0,4.93,1
13,40,1,25,1,35,41,3.73,1
24,25,1,25,1,15,56,4.66,1
19,40,1,35,0,0,0,0.0,1
11,50,0,0,0,0,0,0.0,0
28,25,0,0,1,35,44,7.75,1
24,25,0,0,2,15,31,2.28,1
28,40,2,35,1,25,39,1.61,1
22,25,0,0,0,0,0,0.0,0
12,25,2,15,1,35,0,3.68,1
23,10,0,0,1,25,15,4.28,1
10,25,1,35,1,15,4,5.85,1
8,40,0,0,2,5,39,7.66,1
13,40,0,0,0,0,0,0.0,0
30,25,0,0,0,0,0,0.0,0
17,40,0,0,0,0,0,0.0,0
11,25,0,0,1,15,0,5.67,0
14,25,1,5,0,0,11,0.0,0
9,40,0,0,3,25,0,7.9,1
20,25,1,25,1,25,6,2.35,1
10,40,0,0,1,25,47,2.07,1
17,50,0,0,0,0,0,0.0,0
11,40,0,0,3,35,0,2.8,1
9,40,1,25,1,5,27,6.4,1
30,10,0,0,0,0,0,0.0,0
10,25,2,35,0,0,0,0.0,1
2,10,1,25,0,0,0,0.0,0
11,40,2,15,0,0,0,0.0,1
16,50,0,0,1,35,52,1.9,1
2,25,0,0,2,25,0,1.97,0
9,25,1,25,1,35,52,3.59,1
5,25,1,15,2,35,8,2.88,1
15,40,1,25,0,0,47,0.0,1
22,40,0,0,1,35,0,5.35,1
30,40,1,25,1,5,0,7.18,1
12,50,1,35,1,25,0,1.54,1
26,25,3,15,0,0,0,0.0,1
6,40,0,0,0,0,0,0.0,0
24,40,2,15,0,0,0,0.0,1
17,25,1,25,2,35,0,4.6,1
23,50,1,5,1,35,21,1.16,1
23,10,1,15,4,5,43,2.16,1
16,40,1,25,0,0,0,0.0,1
7,40,1,25,1,25,0,2.82,1
16,50,1,15,0,0,3,0.0,1
25,40,0,0,0,0,0,0.0,0
30,25,0,0,3,35,29,4.84,1
28,50,1,25,0,0,38,0.0,1
5,40,1,35,0,0,27,0.0,1
18,40,1,25,1,15,34,4.66,1
3,40,1,15,2,25,1,5.32,1
20,25,0,0,1,35,0,6.64,1
30,40,0,0,1,25,0,1.9,1
1,50,0,0,2,15,1,6.08,0
20,25,2,5,0,0,37,0.0,1
29,40,1,15,4,25,0,5.5,1
26,50,0,0,0,0,25,0.0,1
12,40,0,0,1,25,0,1.1,0
3,50,0,0,1,25,0,3.09,0
28,25,0,0,0,0,0,0.0,0
28,50,2,25,0,0,35,0.0,1
17,25,1,25,3,25,0,0.71,1
30,40,1,5,1,25,0,1.18,1
0,40,0,0,0,0,0,0.0,0
19,40,0,0,1,35,0,2.63,1
1,50,0,0,1,35,0,2.32,1
29,40,1,15,0,0,22,0.0,1
21,40,0,0,1,35,0,7.25,1
28,25,2,25,0,0,0,0.0,1
17,40,1,25,0,0,0,0.0,1
2,40,0,0,0,0,0,0.0,0
0,10,0,0,1,25,0,7.2,0
10,40,0,0,1,15,1,4.83,0
23,50,0,0,1,35,43,6.01,1
4,40,4,35,2,5,0,8.0,1
26,40,2,15,1,25,9,3.58,1
7,25,0,0,1,5,48,4.42,0
15,40,1,5,0,0,0,0.0,0
6,10,1,25,0,0,0,0.0,0
14,25,1,15,0,0,0,0.0,0
14,40,0,0,0,0,1,0.0,0
0,25,1,15,1,25,56,5.38,1
17,10,1,25,2,25,0,7.4,1
24,40,0,0,0,0,0,0.0,0
29,25,0,0,1,25,16,6.48,1
10,25,2,25,0,0,0,0.0,0
27,25,0,0,0,0,0,0.0,0
27,40,2,5,2,25,0,0.98,1
30,25,0,0,3,15,0,5.85,1
11,40,0,0,1,25,54,2.39,1
26,40,0,0,1,25,0,2.41,1
17,10,4,25,3,35,0,4.6,1
1,50,1,25,0,0,1,0.0,0
8,10,0,0,0,0,28,0.0,0
20,40,1,5,1,35,0,5.72,1
4,25,4,35,0,0,0,0.0,1
13,40,0,0,1,35,0,1.69,1
24,25,2,15,0,0,26,0.0,1
4,50,0,0,2,15,10,2.86,1
15,25,0,0,0,0,0,0.0,0
6,40,0,0,2,15,29,5.87,1
16,25,3,35,2,25,13,1.64,1
7,10,1,35,0,0,0,0.0,0
29,25,0,0,1,25,0,6.87,1
2,40,0,0,0,0,0,0.0,0
29,40,1,25,0,0,27,0.0,1
24,50,0,0,1,35,0,3.92,1
26,40,2,15,2,35,0,4.89,1
26,50,0,0,2,25,0,1.1,1
5,25,3,35,3,25,23,7.66,1
28,40,2,25,2,35,0,7.31,1
18,40,0,0,0,0,0,0.0,0
29,40,1,15,1,15,12,1.93,1
27,50,2,25,0,0,48,0.0,1
17,40,1,25,0,0,32,0.0,1
11,50,3,35,2,35,0,5.47,1
3,40,2,35,0,0,51,0.0,1
3,10,1,35,0,0,0,0.0,0
12,40,1,35,0,0,49,0.0,1
25,40,0,0,1,35,0,6.45,1
15,50,3,25,1,15,0,1.41,1
14,50,0,0,0,0,0,0.0,0
7,10,1,25,1,35,0,4.83,1
17,10,2,35,0,0,0,0.0,1
19,10,0,0,0,0,0,0.0,0
30,40,0,0,1,35,0,6.88,1
22,10,2,35,3,35,0,4.3,1
18,40,0,0,2,15,0,7.43,1
28,40,0,0,2,15,0,0.86,1
13,50,0,0,1,25,16,7.39,1
28,25,2,35,1,15,0,7.83,1
11,40,1,35,0,0,0,0.0,1
3,10,0,0,0,0,0,0.0,0
12,50,1,25,0,0,0,0.0,1
3,25,1,15,0,0,0,0.0,0
3,10,1,35,0,0,0,0.0,0
27,25,1,5,1,15,18,1.67,1
24,50,1,15,2,25,0,3.73,1
6,10,1,25,1,5,58,5.16,1
25,40,2,25,0,0,19,0.0,1
2,40,1,25,1,35,0,7.2,1
8,40,1,15,1,25,6,1.7,1
21,25,0,0,1,5,33,3.01,1
9,10,1,15,2,25,59,6.48,1
22,25,1,15,2,5,0,3.58,1
27,25,0,0,0,0,0,0.0,0
2,40,0,0,1,5,0,5.04,0
0,25,1,25,0,0,15,0.0,0
29,25,0,0,1,25,39,4.7,1
16,10,0,0,0,0,21,0.0,0
15,40,1,5,1,25,24,7.8,1
14,25,1,25,1,25,28,1.56,1
13,40,1,15,0,0,9,0.0,1
21,10,0,0,2,25,0,7.61,0
17,50,0,0,3,25,0,4.73,1
5,40,0,0,0,0,24,0.0,0
19,25,1,25,2,25,0,7.28,1
20,10,1,25,0,0,17,0.0,1
3,25,0,0,1,25,0,1.38,0
11,25,2,25,0,0,0,0.0,1
24,25,1,35,1,35,0,5.31,1
19,50,0,0,1,25,0,6.8,1
4,40,2,15,2,15,50,6.4,1
1,25,2,25,1,25,0,0.57,1
18,40,0,0,0,0,0,0.0,0
14,25,0,0,2,35,0,3.89,1
29,50,0,0,1,5,0,1.37,1
16,10,1,25,0,0,0,0.0,0
28,40,1,5,0,0,0,0.0,1
6,40,2,35,2,25,0,1.65,1
13,10,2,35,0,0,14,0.0,1
4,25,2,25,0,0,51,0.0,1
17,25,0,0,1,35,0,5.8,1
5,50,1,35,1,15,0,7.67,1
15,40,0,0,1,35,2,5.26,1
10,40,0,0,1,25,25,1.27,1
5,40,1,25,1,35,0,2.33,1
3,50,2,25,1,35,0,3.34,1
15,40,2,15,0,0,0,0.0,1
29,40,0,0,1,35,17,1.44,1
6,40,0,0,1,25,27,6.86,1
12,25,2,5,0,0,0,0.0,0
6,50,0,0,1,35,47,1.96,1
25,10,2,15,0,0,0,0.0,1
12,25,3,25,1,15,0,1.47,1
30,50,1,25,1,15,58,5.94,1
7,25,1,15,2,35,0,1.45,1
2,10,1,25,1,25,44,3.58,1
18,25,0,0,1,35,0,4.37,1
20,40,2,15,5,5,0,1.1,1
30,50,0,0,2,15,0,4.67,1
27,10,0,0,0,0,0,0.0,0
27,10,3,25,1,15,31,4.1,1
19,40,1,15,2,25,0,5.51,1
11,50,1,25,0,0,31,0.0,1
13,25,0,0,1,5,0,2.14,0
4,50,1,25,2,25,60,3.17,1
13,50,2,35,0,0,0,0.0,1
11,25,0,0,1,35,60,5.45,1
1,50,2,5,3,35,46,0.77,1
6,40,0,0,0,0,10,0.0,0
16,40,1,25,2,35,16,1.37,1
11,25,1,35,1,15,17,2.63,1
30,50,0,0,0,0,14,0.0,1
14,40,1,5,3,25,0,1.3,1
29,40,0,0,2,25,0,0.8,1
20,50,2,25,1,5,59,7.91,1
1,40,0,0,0,0,0,0.0,0
6,50,1,5,2,25,0,3.92,1
21,50,1,15,0,0,10,0.0,1
16,25,0,0,1,35,52,4.5,1
9,10,0,0,0,0,0,0.0,0
16,25,1,25,0,0,0,0.0,0
27,50,2,15,1,5,0,2.41,1
12,25,0,0,1,35,0,0.56,0
1,40,0,0,1,15,0,6.13,0
9,10,0,0,1,15,0,5.93,0
29,25,3,25,1,15,0,7.79,1
23,40,0,0,1,35,0,0.66,1
25,10,0,0,1,25,0,1.53,0
28,50,1,35,0,0,0,0.0,1
3,25,0,0,1,35,0,5.84,1
8,50,1,15,2,25,49,2.98,1
1,25,0,0,1,35,32,0.98,1
0,50,1,15,4,25,19,2.76,1
25,40,0,0,2,25,16,1.16,1
29,10,0,0,2,35,0,6.78,1
4,10,0,0,3,35,0,7.08,0
22,10,2,35,1,25,41,5.28,1
16,40,0,0,0,0,41,0.0,1
2,50,2,25,2,15,33,3.39,1
28,25,3,35,1,35,0,6.27,1
27,25,1,25,2,15,0,5.24,1
17,40,2,25,1,35,35,6.44,1
21,40,3,35,0,0,50,0.0,1
12,40,0,0,1,25,0,4.33,0
24,40,0,0,0,0,0,0.0,0
13,40,0,0,0,0,0,0.0,0
30,50,1,15,2,15,46,7.69,1
1,25,1,35,0,0,46,0.0,1
5,10,1,25,0,0,0,0.0,0
30,10,1,35,0,0,17,0.0,1
8,40,1,15,1,25,0,2.68,1
9,25,1,25,1,25,0,5.03,1
24,50,1,15,2,25,4,6.56,1
5,40,0,0,0,0,0,0.0,0
15,40,1,35,1,35,0,7.2,1
8,40,2,5,3,25,0,7.6,1
6,25,0,0,0,0,28,0.0,0
29,50,0,0,2,15,0,3.46,1
6,10,2,5,1,25,21,5.75,1
2,40,1,35,3,35,0,2.68,1
20,50,1,25,2,35,0,5.37,1
26,40,0,0,1,25,21,1.88,1
3,50,1,25,0,0,0,0.0,0
21,25,1,15,1,35,0,3.66,1
16,50,2,25,0,0,0,0.0,1
25,40,0,0,1,5,32,7.4,1
3,40,1,15,1,25,0,6.58,1
30,10,1,25,2,35,0,4.22,1
19,25,2,25,1,25,56,1.6,1
26,40,1,25,0,0,49,0.0,1
11,10,0,0,0,0,0,0.0,0
29,40,2,15,0,0,0,0.0,1
19,50,0,0,0,0,0,0.0,0
3,50,1,15,4,5,0,3.49,1
28,10,1,35,0,0,41,0.0,1
24,50,0,0,0,0,0,0.0,1
9,10,0,0,2,25,0,1.54,0
16,40,0,0,0,0,43,0.0,1
12,50,1,15,1,25,0,1.01,1
16,10,2,15,1,15,0,7.3,1
29,10,0,0,1,15,25,4.19,1
27,10,1,25,1,35,0,1.17,1
6,40,1,25,1,15,0,5.88,1
30,50,1,35,0,0,0,0.0,1
13,10,1,25,0,0,33,0.0,1
21,10,1,35,0,0,27,0.0,1
23,40,1,25,0,0,0,0.0,1
14,25,1,35,0,0,0,0.0,0
14,40,1,35,3,25,49,1.06,1
14,50,0,0,2,35,0,3.47,1
26,40,1,15,0,0,60,0.0,1
11,50,0,0,0,0,0,0.0,0
8,40,3,35,1,35,0,2.23,1
11,50,1,35,0,0,27,0.0,1
6,25,0,0,1,25,0,1.73,0
12,10,1,25,2,25,0,4.5,1
3,40,2,15,1,15,0,5.9,1
2,10,1,15,2,25,0,4.15,0
22,50,0,0,4,15,44,6.66,1
2,40,1,25,0,0,4,0.0,0
17,50,1,25,0,0,0,0.0,1
24,25,1,25,4,5,0,7.38,1
22,40,0,0,0,0,25,0.0,0
13,40,2,25,0,0,0,0.0,1
6,25,1,25,1,15,53,6.55,1
28,40,2,15,0,0,42,0.0,1
25,40,0,0,2,25,0,7.67,1
18,50,0,0,2,15,0,7.47,1
2,40,0,0,0,0,0,0.0,0
1,10,0,0,0,0,32,0.0,0
9,40,0,0,0,0,13,0.0,0
4,40,1,15,2,15,49,6.74,1
26,10,0,0,1,35,0,2.69,1
6,25,3,5,1,15,0,1.81,1
8,25,1,35,0,0,59,0.0,1
30,10,0,0,4,35,0,5.95,1
25,40,4,25,0,0,0,0.0,1
6,25,0,0,0,0,24,0.0,0
11,40,1,35,1,25,49,6.84,1
15,25,2,35,0,0,0,0.0,1
20,40,0,0,1,25,36,6.67,1
29,25,1,35,1,5,24,5.33,1
27,50,1,25,0,0,20,0.0,1
30,10,1,35,2,5,0,6.72,1
1,40,0,0,0,0,0,0.0,0
7,25,1,35,2,35,0,5.8,1
17,25,1,35,1,25,31,5.49,1
1,40,1,15,0,0,0,0.0,0
11,50,3,25,0,0,25,0.0,1
4,50,0,0,2,5,0,0.85,0
28,25,1,15,1,25,0,3.95,1
1,25,0,0,1,25,0,0.75,0
4,40,1,5,0,0,38,0.0,1
6,40,1,25,0,0,0,0.0,0
4,25,5,35,3,15,9,1.19,1
17,40,3,15,1,25,29,4.56,1
11,40,0,0,1,25,0,0.86,0
28,40,1,5,1,25,45,7.35,1
8,25,0,0,0,0,51,0.0,1
16,25,0,0,1,35,0,3.88,1
20,25,1,35,0,0,0,0.0,1
19,40,1,15,1,25,0,5.75,1
24,25,0,0,2,35,17,1.61,1
6,40,0,0,0,0,0,0.0,0
15,40,2,5,1,25,37,6.86,1
24,40,0,0,0,0,0,0.0,0
26,10,0,0,2,25,19,4.09,1
19,25,0,0,0,0,48,0.0,1
20,40,1,35,1,25,0,4.69,1
26,40,1,35,1,25,22,5.36,1
19,50,1,25,0,0,0,0.0,1
29,25,0,0,2,5,41,4.55,1
3,50,0,0,1,35,26,4.72,1
10,25,0,0,0,0,17,0.0,0
3,25,0,0,1,35,35,6.08,1
2,10,1,25,1,15,38,6.55,1
14,40,0,0,1,25,41,2.8,1
7,25,0,0,2,35,48,7.42,1
12,25,3,25,2,35,0,3.15,1
13,40,1,15,2,25,0,2.54,1
19,40,2,35,0,0,41,0.0,1
29,10,1,35,0,0,52,0.0,1
26,10,0,0,0,0,26,0.0,0
11,40,1,25,0,0,31,0.0,1
10,25,2,15,0,0,0,0.0,0
23,25,0,0,1,5,29,2.84,1
3,40,2,15,0,0,0,0.0,1
16,25,0,0,0,0,0,0.0,0
13,40,2,5,1,25,35,3.19,1
5,25,0,0,0,0,9,0.0,0
19,25,1,15,2,5,52,2.88,1
9,10,0,0,1,25,32,6.83,1
5,25,1,5,1,25,0,4.71,1
20,10,0,0,1,25,34,7.76,1
5,25,1,35,1,15,53,1.13,1
20,50,1,15,1,25,28,5.1,1
5,50,1,25,0,0,0,0.0,1
13,25,2,25,2,25,28,1.22,1
25,40,2,35,2,25,0,3.94,1
7,40,2,35,3,15,34,3.37,1
23,50,0,0,3,15,57,5.61,1
22,25,1,25,2,35,0,6.09,1
27,25,1,5,1,25,0,2.29,1
5,25,0,0,1,25,16,1.95,0
22,10,0,0,0,0,0,0.0,0
29,25,1,35,1,25,10,3.65,1
23,50,1,5,1,35,7,2.31,1
5,50,1,15,0,0,45,0.0,1
25,10,0,0,2,25,0,5.57,1
3,40,2,5,0,0,0,0.0,0
18,25,0,0,2,5,0,4.38,0
15,40,2,35,1,15,0,6.7,1
16,40,1,5,1,5,0,7.86,1
16,10,0,0,0,0,0,0.0,0
0,50,2,25,1,35,1,3.34,1
15,50,0,0,1,25,0,7.34,1
29,40,1,25,0,0,0,0.0,1
13,40,0,0,2,35,43,6.33,1
8,40,1,25,1,35,54,1.62,1
30,25,0,0,1,35,0,6.77,1
3,10,0,0,1,35,41,4.11,1
15,40,0,0,3,25,11,5.82,1
15,10,1,15,0,0,0,0.0,0
14,50,0,0,0,0,0,0.0,0
28,25,0,0,1,15,40,5.77,1
13,25,0,0,1,15,27,7.14,1
30,25,0,0,2,25,0,6.21,1
2,50,1,35,4,35,0,6.68,1
22,25,0,0,1,25,0,2.91,1
18,25,0,0,2,25,2,7.8,1
7,25,0,0,0,0,12,0.0,0
7,40,0,0,1,35,45,5.46,1
22,50,1,35,2,25,0,6.3,1
19,25,1,25,0,0,0,0.0,0
18,50,2,25,0,0,0,0.0,1
1,25,0,0,0,0,34,0.0,0
18,40,1,35,2,15,0,6.94,1
30,10,0,0,0,0,30,0.0,1
0,40,1,35,1,35,47,1.43,1
14,40,1,25,1,25,0,3.02,1
15,40,0,0,1,15,0,6.77,1
27,25,0,0,0,0,0,0.0,0
8,50,0,0,1,25,0,7.41,1
14,50,3,25,0,0,0,0.0,1
22,40,0,0,1,25,32,6.17,1
1,40,0,0,0,0,59,0.0,1
24,40,0,0,0,0,4,0.0,0
25,25,2,5,0,0,18,0.0,1
22,50,1,5,2,25,0,4.12,1
20,25,0,0,0,0,12,0.0,0
23,40,2,5,2,15,25,2.38,1
24,10,0,0,1,25,55,4.44,1
28,25,0,0,0,0,0,0.0,0
13,40,1,5,2,25,0,3.48,1
14,40,2,15,3,5,0,7.14,1
19,50,0,0,2,25,25,4.75,1
5,50,1,35,1,25,0,3.44,1
26,10,2,35,1,25,19,4.24,1
23,25,0,0,1,25,0,7.5,1
19,25,0,0,0,0,6,0.0,0
9,40,0,0,0,0,0,0.0,0
10,40,1,35,0,0,0,0.0,1
13,50,0,0,1,25,0,5.1,1
20,40,0,0,0,0,0,0.0,0
